-- MySQL dump 10.13  Distrib 8.1.0, for macos13.3 (arm64)
--
-- Host: 192.168.115.51    Database: Hospital_alarm_system
-- ------------------------------------------------------
-- Server version	8.0.33

/*!40101 SET @OLD_CHARACTER_SET_CLIENT=@@CHARACTER_SET_CLIENT */;
/*!40101 SET @OLD_CHARACTER_SET_RESULTS=@@CHARACTER_SET_RESULTS */;
/*!40101 SET @OLD_COLLATION_CONNECTION=@@COLLATION_CONNECTION */;
/*!50503 SET NAMES utf8mb4 */;
/*!40103 SET @OLD_TIME_ZONE=@@TIME_ZONE */;
/*!40103 SET TIME_ZONE='+00:00' */;
/*!40014 SET @OLD_UNIQUE_CHECKS=@@UNIQUE_CHECKS, UNIQUE_CHECKS=0 */;
/*!40014 SET @OLD_FOREIGN_KEY_CHECKS=@@FOREIGN_KEY_CHECKS, FOREIGN_KEY_CHECKS=0 */;
/*!40101 SET @OLD_SQL_MODE=@@SQL_MODE, SQL_MODE='NO_AUTO_VALUE_ON_ZERO' */;
/*!40111 SET @OLD_SQL_NOTES=@@SQL_NOTES, SQL_NOTES=0 */;

--
-- Table structure for table `alarm_info`
--

DROP TABLE IF EXISTS `alarm_info`;
/*!40101 SET @saved_cs_client     = @@character_set_client */;
/*!50503 SET character_set_client = utf8mb4 */;
CREATE TABLE `alarm_info` (
  `id` int NOT NULL AUTO_INCREMENT,
  `clip_link` varchar(100) DEFAULT NULL,
  `monitor_id` int DEFAULT NULL,
  `case_type` int NOT NULL,
  `warning_level` int NOT NULL,
  `create_time` datetime NOT NULL,
  `status` tinyint(1) NOT NULL,
  `processing_content` varchar(100) CHARACTER SET utf8mb4 COLLATE utf8mb4_0900_ai_ci DEFAULT NULL,
  PRIMARY KEY (`id`)
) ENGINE=InnoDB AUTO_INCREMENT=1002 DEFAULT CHARSET=utf8mb4 COLLATE=utf8mb4_0900_ai_ci;
/*!40101 SET character_set_client = @saved_cs_client */;

--
-- Dumping data for table `alarm_info`
--

LOCK TABLES `alarm_info` WRITE;
/*!40000 ALTER TABLE `alarm_info` DISABLE KEYS */;
INSERT INTO `alarm_info` VALUES (1,'xS5hpPA89A',4,3,4,'2023-09-22 22:38:12',0,NULL),(2,'Hm7tG6BzyJ',2,6,2,'2023-09-26 14:30:15',0,NULL),(3,'4okMFqZteg',4,3,3,'2023-09-22 17:23:09',0,NULL),(4,'4Sh0DzFWvt',3,2,5,'2023-09-18 12:39:12',0,NULL),(5,'gtmDGU1EZ7',2,4,1,'2023-09-26 12:53:10',0,NULL),(6,'iOMh3u4g6z',5,5,4,'2023-09-26 10:52:19',0,NULL),(7,'Yq3CDS3jx0',4,5,4,'2023-09-28 13:30:29',0,NULL),(8,'dla6wJbiEF',1,2,3,'2023-09-13 12:16:12',0,NULL),(9,'ECgrl1Sivu',4,5,2,'2023-09-15 03:39:28',0,NULL),(10,'MeaDx5or3F',4,3,2,'2023-09-25 23:06:03',0,NULL),(11,'WGGjuVUQgO',3,3,2,'2023-09-30 10:44:18',0,NULL),(12,'KqU3QColjd',3,2,2,'2023-09-15 21:28:11',0,NULL),(13,'AlJ8KzgxJ4',4,5,3,'2023-09-15 14:29:42',0,NULL),(14,'gcfSMZ04AS',4,4,5,'2023-09-20 15:32:32',0,NULL),(15,'9zZE7FHCd5',4,2,3,'2023-09-24 14:20:51',0,NULL),(16,'vzmwXtDhu6',3,3,4,'2023-09-22 00:45:11',0,NULL),(17,'2So5UmxWuB',3,4,4,'2023-09-21 17:00:35',0,NULL),(18,'ZOw7s4XKdB',3,3,3,'2023-09-18 05:03:08',0,NULL),(19,'bj4FzCcsOK',3,1,4,'2023-09-20 16:13:46',0,NULL),(20,'4xKoXdcD35',4,5,3,'2023-09-28 19:14:25',0,NULL),(21,'7EqHCxpmuj',3,3,2,'2023-09-17 02:26:08',0,NULL),(22,'dnEAZdvMwW',5,5,4,'2023-09-27 03:02:21',0,NULL),(23,'8Z6V9W2fU2',4,4,3,'2023-09-13 23:48:45',0,NULL),(24,'YyQfitYDcq',4,2,5,'2023-09-15 16:40:56',0,NULL),(25,'lXtIz68vIA',3,4,5,'2023-09-18 16:16:49',0,NULL),(26,'NFHb3MelYN',1,2,2,'2023-09-19 06:16:22',0,NULL),(27,'FV2OPqZ8C4',4,5,2,'2023-09-30 21:32:10',0,NULL),(28,'7ju7bJULbB',5,2,3,'2023-09-12 11:31:46',0,NULL),(29,'aprFWyoo0e',4,2,5,'2023-09-28 18:27:23',0,NULL),(30,'st7pykE4KT',3,1,2,'2023-09-25 17:26:21',0,NULL),(31,'8aED255Egp',4,3,3,'2023-09-22 00:29:27',0,NULL),(32,'W5JMDu3AeP',3,2,4,'2023-09-28 00:37:22',0,NULL),(33,'ddCmivz8xS',2,5,1,'2023-09-28 18:36:49',0,NULL),(34,'OHWSEwmPY1',3,5,2,'2023-09-28 18:24:33',0,NULL),(35,'pemld4hqJm',2,2,2,'2023-09-13 08:17:16',0,NULL),(36,'LJIm5TMvVY',4,2,2,'2023-09-27 20:17:46',0,NULL),(37,'PsJTOr8qUI',4,6,4,'2023-09-16 03:28:34',0,NULL),(38,'jQdafzB449',4,2,3,'2023-09-18 01:04:50',0,NULL),(39,'rTQgzidvTT',2,5,1,'2023-09-20 18:15:25',0,NULL),(40,'vYuNVhefyx',3,3,3,'2023-09-16 02:07:34',0,NULL),(41,'rHGT21QEC3',1,5,1,'2023-09-10 08:22:00',0,NULL),(42,'TKxEWGGW6T',3,4,2,'2023-09-12 13:46:26',0,NULL),(43,'TIZ15Jb5Av',3,2,2,'2023-09-23 11:18:49',0,NULL),(44,'gZUGI1n7oy',2,1,4,'2023-09-25 18:29:20',0,NULL),(45,'OE2QgtqThK',3,4,4,'2023-09-12 12:03:07',0,NULL),(46,'l0NHbYOh5y',1,4,5,'2023-09-23 13:06:44',0,NULL),(47,'Kco0pk6tMM',1,5,3,'2023-09-23 15:02:29',0,NULL),(48,'8TQX0hywyl',2,4,1,'2023-09-15 07:39:18',0,NULL),(49,'JOptbqcc6f',1,2,4,'2023-09-11 21:35:14',0,NULL),(50,'auVJaHV3I8',2,3,4,'2023-09-22 17:54:26',0,NULL),(51,'HFls5w80bL',4,6,2,'2023-09-26 10:21:14',0,NULL),(52,'CQvHFbSpaP',5,3,3,'2023-09-25 10:39:44',0,NULL),(53,'3EfUulngbU',3,4,2,'2023-09-24 06:29:07',0,NULL),(54,'PCsaPoTT69',5,5,3,'2023-09-16 17:07:10',0,NULL),(55,'jN5B9XtwfP',3,6,4,'2023-09-16 04:13:51',0,NULL),(56,'U5kev9DNNl',5,6,3,'2023-09-20 08:35:09',0,NULL),(57,'qQBLiNwTRL',4,1,5,'2023-09-29 22:01:13',0,NULL),(58,'P6iA9tMbmz',2,5,4,'2023-09-29 20:07:53',0,NULL),(59,'HWbor408hq',1,5,2,'2023-09-27 03:33:18',0,NULL),(60,'dspN8S1fXN',4,3,3,'2023-09-20 10:09:46',0,NULL),(61,'doM6WYDOod',4,2,3,'2023-09-17 15:57:01',0,NULL),(62,'TZSHC0qAYu',3,4,4,'2023-09-15 12:21:12',0,NULL),(63,'hSdymen2Ii',2,4,2,'2023-09-24 20:24:11',0,NULL),(64,'986mVuH58B',4,5,4,'2023-09-16 20:29:42',0,NULL),(65,'7QFmCspqQQ',1,2,5,'2023-09-23 17:19:35',0,NULL),(66,'qvWUMC6ecA',3,3,2,'2023-09-22 06:29:19',0,NULL),(67,'7FPiSn1iHP',3,1,1,'2023-09-10 12:36:11',0,NULL),(68,'2JP3j3e5UY',4,3,2,'2023-09-10 17:16:59',0,NULL),(69,'s8bUs2A2Yw',4,3,4,'2023-09-10 03:02:57',0,NULL),(70,'fptj3XDpkT',2,3,5,'2023-09-13 18:18:49',0,NULL),(71,'1fSvp6hGkU',5,3,4,'2023-09-28 06:40:01',0,NULL),(72,'O2lxTFQ7VA',2,3,2,'2023-09-11 08:12:54',0,NULL),(73,'iDz4upWyip',2,5,3,'2023-09-17 06:05:12',0,NULL),(74,'wtDfgh853Q',2,4,4,'2023-09-28 23:12:23',0,NULL),(75,'XGgiovpTyd',3,4,4,'2023-09-14 19:40:42',0,NULL),(76,'B7K66JJxrv',4,1,5,'2023-09-15 22:16:07',0,NULL),(77,'FWWOSzWhrk',2,4,1,'2023-09-20 06:20:32',0,NULL),(78,'0PsHRlQXu6',2,5,5,'2023-09-12 10:19:17',0,NULL),(79,'AcRVXIs2LC',3,5,2,'2023-09-11 21:34:28',0,NULL),(80,'i7lmNYh8KI',2,1,4,'2023-09-23 15:28:04',0,NULL),(81,'JROQd2zdIN',2,3,3,'2023-09-28 00:59:02',0,NULL),(82,'vYW2QjHcN3',5,1,3,'2023-09-20 01:50:39',0,NULL),(83,'yqQHOpX2LX',3,4,5,'2023-09-25 21:47:56',0,NULL),(84,'jWWMsgPXQr',2,3,1,'2023-09-30 01:41:56',0,NULL),(85,'KB1T5F9mWp',1,5,2,'2023-09-12 18:55:16',0,NULL),(86,'5YuHXbsf3v',2,3,2,'2023-09-12 15:07:55',0,NULL),(87,'qH1RXQC3Fe',5,3,1,'2023-09-17 06:36:05',0,NULL),(88,'2fQvkATXVe',2,2,3,'2023-09-28 09:54:55',0,NULL),(89,'Ij8fPRX74E',2,3,3,'2023-09-16 13:29:33',0,NULL),(90,'zVlP6nOrRo',3,2,4,'2023-09-18 11:50:16',0,NULL),(91,'52h0LDYvCw',5,6,2,'2023-09-16 19:22:19',0,NULL),(92,'xWTFjKzPC4',4,5,1,'2023-09-24 12:56:42',0,NULL),(93,'sUczWHufey',1,4,1,'2023-09-19 13:31:31',0,NULL),(94,'peSABJA8Ag',3,1,1,'2023-09-26 11:10:11',0,NULL),(95,'KGg3JLPgZ3',3,3,5,'2023-09-26 16:20:35',0,NULL),(96,'5ufVtoZnzH',3,1,2,'2023-09-13 04:42:58',0,NULL),(97,'ziINr10fr8',2,2,2,'2023-09-21 00:17:41',0,NULL),(98,'tA2ZltYZva',4,2,4,'2023-09-27 05:37:40',0,NULL),(99,'hM8wsLiWhX',4,5,3,'2023-09-20 20:56:51',0,NULL),(100,'43FUGlzASB',3,1,2,'2023-09-29 12:03:33',0,NULL),(101,'hFtkpT4xlp',1,3,3,'2023-09-12 17:08:59',0,NULL),(102,'sjOj32OMe4',2,3,4,'2023-09-24 06:16:16',0,NULL),(103,'ib5q9zja6s',5,4,5,'2023-09-21 16:36:20',0,NULL),(104,'kHYMFbRJXq',4,4,3,'2023-09-29 20:05:42',0,NULL),(105,'j3FcyRHWdy',1,3,2,'2023-09-22 19:05:11',0,NULL),(106,'sgvlEjtcRA',5,2,2,'2023-09-19 01:29:13',0,NULL),(107,'HfMJRAZYBR',3,4,4,'2023-09-18 10:15:20',0,NULL),(108,'hdTPbMQLZD',2,5,5,'2023-09-19 01:38:03',0,NULL),(109,'OH0PICKm7Y',1,5,4,'2023-09-28 03:35:34',0,NULL),(110,'OILGCJozJt',2,5,2,'2023-09-15 11:42:42',0,NULL),(111,'9MufyYebi4',3,3,3,'2023-09-24 15:22:18',0,NULL),(112,'ah8zOuOMYc',2,4,2,'2023-09-17 09:03:23',0,NULL),(113,'iu3z56kpLa',3,6,3,'2023-09-20 10:28:35',0,NULL),(114,'kQkWJdaZlQ',1,5,2,'2023-09-17 12:29:33',0,NULL),(115,'sU6ROmsjv5',5,5,4,'2023-09-28 13:08:04',0,NULL),(116,'nJqeZARfTw',2,6,4,'2023-09-29 14:22:09',0,NULL),(117,'Yqs1B0A32H',5,2,4,'2023-09-12 10:32:55',0,NULL),(118,'h1HOIHekbU',1,6,5,'2023-09-25 14:20:37',0,NULL),(119,'sCh2mkirUx',2,6,4,'2023-09-12 11:17:57',0,NULL),(120,'vrNjxGi53b',1,1,5,'2023-09-16 03:46:57',0,NULL),(121,'hFO6jbF4Lc',2,5,5,'2023-09-19 05:17:50',0,NULL),(122,'rHuXV0NmY5',4,5,3,'2023-09-21 09:41:29',0,NULL),(123,'sWxtmYTgnV',2,4,4,'2023-09-26 01:48:02',0,NULL),(124,'fOHuVvtRAp',2,3,5,'2023-09-19 21:57:40',0,NULL),(125,'5zoV9EnVHg',2,4,3,'2023-09-23 06:56:42',0,NULL),(126,'auc5Zv6DxK',5,6,2,'2023-09-28 08:38:31',0,NULL),(127,'oZHLmHMeZv',2,5,2,'2023-09-21 02:48:44',0,NULL),(128,'Ff8erENmHq',5,3,4,'2023-09-25 12:00:53',0,NULL),(129,'dLZjNiN4Jq',3,4,4,'2023-09-20 07:27:02',0,NULL),(130,'pg0tz5SPHG',4,3,3,'2023-09-14 19:46:26',0,NULL),(131,'Fsz3MWFCS9',2,2,5,'2023-09-23 09:35:22',0,NULL),(132,'lSlqZZWd0d',4,2,2,'2023-09-15 14:00:57',0,NULL),(133,'eHcQYfhCHE',4,5,3,'2023-09-25 07:01:09',0,NULL),(134,'9tOROlmN0q',3,5,2,'2023-09-19 08:03:54',0,NULL),(135,'gAT54NXmef',2,5,5,'2023-09-23 16:52:54',0,NULL),(136,'JdcAarxt2j',1,5,2,'2023-09-27 12:05:18',0,NULL),(137,'HiTNS25rhx',3,4,4,'2023-09-19 15:02:57',0,NULL),(138,'wGfVK8r7Kb',4,5,1,'2023-09-24 08:34:31',0,NULL),(139,'pqxpEwXAr7',5,3,1,'2023-09-24 15:29:45',0,NULL),(140,'lfFvrgUmgc',4,4,2,'2023-09-15 04:35:38',0,NULL),(141,'4XjnaOrSrS',2,3,3,'2023-09-10 22:47:01',0,NULL),(142,'p8eqSxLTer',3,1,1,'2023-09-11 18:58:34',0,NULL),(143,'5tDoR22RyL',3,4,5,'2023-09-26 18:14:23',0,NULL),(144,'bJAr99wSHr',3,5,2,'2023-09-29 15:15:35',0,NULL),(145,'gEibH4znJO',4,6,3,'2023-09-30 07:46:27',0,NULL),(146,'01VNH0yAII',2,1,3,'2023-09-24 20:57:40',0,NULL),(147,'OIlCpJNFfR',3,5,1,'2023-09-20 02:31:26',0,NULL),(148,'egMvNRuSwe',2,4,4,'2023-09-16 23:38:36',0,NULL),(149,'61e7PkSleF',3,4,3,'2023-09-23 04:01:16',0,NULL),(150,'cHzy4PAIIJ',3,2,2,'2023-09-24 22:55:21',0,NULL),(151,'jyCAo3zxdp',5,3,1,'2023-09-15 00:28:54',0,NULL),(152,'nebPoiabxu',3,2,1,'2023-09-13 12:34:05',0,NULL),(153,'1c0Xu3tgfE',2,1,2,'2023-09-29 09:07:33',0,NULL),(154,'8Dv1pF95FD',3,3,2,'2023-09-28 12:33:37',0,NULL),(155,'Gi3tCEQVgG',3,4,2,'2023-09-23 11:07:06',0,NULL),(156,'iflukYcddF',2,2,2,'2023-09-27 10:23:05',0,NULL),(157,'G35CVBO8xo',1,5,3,'2023-09-19 06:53:02',0,NULL),(158,'zcRMQYca3B',4,4,4,'2023-09-10 06:53:27',0,NULL),(159,'qTPUSHplcD',2,5,2,'2023-09-27 02:41:24',0,NULL),(160,'5no5P17NzV',3,4,2,'2023-09-27 15:33:12',0,NULL),(161,'k4iWg2I3zW',1,1,1,'2023-09-11 16:31:27',0,NULL),(162,'uOAWX1Tj3u',2,1,4,'2023-09-22 14:07:44',0,NULL),(163,'IZmJo9EKgE',4,2,3,'2023-09-12 19:16:32',0,NULL),(164,'cfl8PXVbsg',1,3,4,'2023-09-21 16:30:53',0,NULL),(165,'RZEHDn5d1R',2,2,3,'2023-09-12 11:23:22',0,NULL),(166,'8EudkzYfIo',2,2,3,'2023-09-29 12:44:00',0,NULL),(167,'05sawPbmP2',2,5,3,'2023-09-22 04:37:13',0,NULL),(168,'dyOyR06jqC',1,4,5,'2023-09-12 15:03:54',0,NULL),(169,'3jngJn47a8',4,6,5,'2023-09-15 06:21:58',0,NULL),(170,'M4cfTwrM12',5,6,4,'2023-09-14 07:47:41',0,NULL),(171,'k8Y3AF2j19',2,5,4,'2023-09-25 15:02:09',0,NULL),(172,'zbtk8W4yjU',2,5,4,'2023-09-11 16:25:20',0,NULL),(173,'ByTsVvsBEx',3,5,5,'2023-09-18 23:43:34',0,NULL),(174,'EJ8R60DLyO',2,4,5,'2023-09-25 17:45:17',0,NULL),(175,'3oJKmFKMpV',4,4,2,'2023-09-28 23:46:34',0,NULL),(176,'TLt2Mn1YnB',2,3,2,'2023-09-11 15:03:30',0,NULL),(177,'v7fQPKnMHz',4,2,1,'2023-09-16 17:21:05',0,NULL),(178,'a6B6dVkGdf',3,6,4,'2023-09-30 13:00:25',0,NULL),(179,'CItXPkIz4d',4,4,3,'2023-09-27 15:57:45',0,NULL),(180,'dfPlPaoWlE',2,4,4,'2023-09-22 01:39:18',0,NULL),(181,'jHrzK4qnbJ',2,6,3,'2023-09-21 08:05:10',0,NULL),(182,'kBw05IDT1v',4,3,3,'2023-09-14 09:14:50',0,NULL),(183,'XUANG0yvud',3,4,2,'2023-09-12 05:19:38',0,NULL),(184,'XSWHewrlgk',5,3,3,'2023-09-27 11:45:30',0,NULL),(185,'2SeRuAJjpf',4,5,5,'2023-09-26 05:12:24',0,NULL),(186,'bMe0SyBiAY',5,4,2,'2023-09-25 11:37:39',0,NULL),(187,'iRUohlrFTK',2,1,2,'2023-09-12 18:48:58',0,NULL),(188,'D1XVtA1ay8',5,1,1,'2023-09-20 17:29:50',0,NULL),(189,'RX9D9tkcZM',3,4,3,'2023-09-15 23:20:54',0,NULL),(190,'DyoJgr1tSe',2,2,4,'2023-09-17 19:10:56',0,NULL),(191,'h5SLUESQ2v',4,2,1,'2023-09-21 00:02:54',0,NULL),(192,'jIVoHB4Qgj',3,4,4,'2023-09-26 15:59:22',0,NULL),(193,'B97X9yivkU',3,4,2,'2023-09-20 15:03:25',0,NULL),(194,'2RGSyemDmc',5,3,1,'2023-09-30 18:22:45',0,NULL),(195,'9xobRcH5DR',4,6,3,'2023-09-12 07:44:23',0,NULL),(196,'fMvFXGTVhp',2,5,5,'2023-09-18 02:57:56',0,NULL),(197,'dcACVGNxk8',2,2,4,'2023-09-20 03:12:51',0,NULL),(198,'TWmsqrsAOe',4,5,4,'2023-09-21 22:29:28',0,NULL),(199,'hVZ9zWDkYx',1,2,3,'2023-09-29 01:26:51',0,NULL),(200,'Avew2vOsco',5,2,2,'2023-09-25 03:35:22',0,NULL),(201,'E1QUlUIr93',4,5,2,'2023-09-21 07:32:14',0,NULL),(202,'gkDLvTSTs0',1,2,4,'2023-09-26 21:22:33',0,NULL),(203,'T2hFy25CRT',3,2,5,'2023-09-15 05:33:02',0,NULL),(204,'IB4rEGotQa',3,3,4,'2023-09-12 11:18:45',0,NULL),(205,'JIabutMyG3',4,2,1,'2023-09-24 23:28:55',0,NULL),(206,'UOXPyq4T2m',1,2,2,'2023-09-23 14:37:59',0,NULL),(207,'6yE0DIg9af',2,5,2,'2023-09-12 04:06:59',0,NULL),(208,'BbMve3THtq',5,4,4,'2023-09-14 23:03:06',0,NULL),(209,'7CqlXlARKp',2,4,2,'2023-09-20 22:42:49',0,NULL),(210,'QjJj6AdF22',3,3,2,'2023-09-16 01:15:18',0,NULL),(211,'T9zOJVFxE4',5,2,1,'2023-09-19 19:15:05',0,NULL),(212,'4BLZmNndzx',2,2,5,'2023-09-25 07:25:44',0,NULL),(213,'0IjaSR1CUI',4,2,4,'2023-09-13 08:49:27',0,NULL),(214,'L2S8dfMExl',5,5,4,'2023-09-19 18:20:32',0,NULL),(215,'NhQeiHsteq',4,2,3,'2023-09-19 08:41:05',0,NULL),(216,'O767nAvYeV',4,5,3,'2023-09-12 07:50:05',0,NULL),(217,'AhViy9Xn6Z',3,1,5,'2023-09-12 14:54:30',0,NULL),(218,'JXOts5bhcX',2,5,4,'2023-09-23 12:04:01',0,NULL),(219,'axMfpajzng',5,6,3,'2023-09-28 04:59:42',0,NULL),(220,'wmDNHXTfti',3,2,3,'2023-09-19 09:01:37',0,NULL),(221,'Y70TOkDU7N',2,4,5,'2023-09-16 07:57:51',0,NULL),(222,'G6x2WHMfDQ',5,2,5,'2023-09-28 22:10:32',0,NULL),(223,'DcYUXGFTYB',1,6,2,'2023-09-22 03:05:11',0,NULL),(224,'l5Wri2zf8K',3,5,2,'2023-09-11 23:03:38',0,NULL),(225,'vuLFuSCaav',4,4,1,'2023-09-22 11:11:31',0,NULL),(226,'Jk0hvJtkhl',4,5,1,'2023-09-18 09:08:25',0,NULL),(227,'CNAMCyN0Tb',3,2,4,'2023-09-13 18:35:30',0,NULL),(228,'CBkdLt8Nt4',3,5,5,'2023-09-21 09:20:26',0,NULL),(229,'uyzoQGYlTU',4,4,1,'2023-09-12 11:18:30',0,NULL),(230,'lG0G66Bx25',1,4,1,'2023-09-12 14:25:57',0,NULL),(231,'HUTgIAa1DR',2,6,5,'2023-09-25 15:21:46',0,NULL),(232,'r4LJyanpGI',4,5,5,'2023-09-18 14:54:44',0,NULL),(233,'xrjWZlOGVM',1,3,4,'2023-09-21 11:30:45',0,NULL),(234,'kz8czEBbUG',4,1,3,'2023-09-10 02:37:02',0,NULL),(235,'9pxS5BfKre',2,2,5,'2023-09-20 15:25:40',0,NULL),(236,'LoyFDf7XiW',2,6,4,'2023-09-28 23:00:28',0,NULL),(237,'CaDfMFVYFj',5,1,2,'2023-09-22 00:24:23',0,NULL),(238,'Qhcr435175',3,5,4,'2023-09-30 14:28:43',0,NULL),(239,'bjP1rTlfbK',1,5,4,'2023-09-29 20:37:32',0,NULL),(240,'dSsLXsZkh2',2,5,1,'2023-09-21 20:00:33',0,NULL),(241,'vIXcKw85OG',5,3,4,'2023-09-29 14:19:02',0,NULL),(242,'642ooevdKF',3,6,1,'2023-09-29 02:26:49',0,NULL),(243,'Uw3LCK9qZ7',5,6,3,'2023-09-14 00:51:41',0,NULL),(244,'d2XUjujgQw',3,5,3,'2023-09-15 08:14:53',0,NULL),(245,'QgEtNTDLsl',2,1,3,'2023-09-17 02:34:21',0,NULL),(246,'vhQdTBDjH2',4,2,5,'2023-09-30 04:50:07',0,NULL),(247,'d5JLBOtRm9',3,1,2,'2023-09-18 06:32:52',0,NULL),(248,'urFpFeE589',2,2,4,'2023-09-26 07:12:56',0,NULL),(249,'EWi0aOFDkE',2,3,2,'2023-09-14 17:52:12',0,NULL),(250,'gNE8T3e7ET',2,3,2,'2023-09-17 19:49:42',0,NULL),(251,'NFTByeELmT',2,5,1,'2023-09-26 10:15:26',0,NULL),(252,'UGHm0Y5CBb',1,3,4,'2023-09-18 23:02:28',0,NULL),(253,'Db6QMolAws',4,3,4,'2023-09-24 08:43:52',0,NULL),(254,'GriSmLBq6K',1,5,5,'2023-09-17 11:50:19',0,NULL),(255,'b9msi6FRSc',3,4,3,'2023-09-13 18:08:15',0,NULL),(256,'EC2hqVyU2F',2,1,1,'2023-09-12 22:36:13',0,NULL),(257,'OH5dNm6lB5',1,4,4,'2023-09-16 23:59:46',0,NULL),(258,'OgHg1cJgCc',3,2,2,'2023-09-24 09:34:29',0,NULL),(259,'pPJZk0B8lM',1,4,5,'2023-09-29 00:11:51',0,NULL),(260,'AB1guqlugQ',3,2,3,'2023-09-12 00:47:44',0,NULL),(261,'93u93m4VaF',4,5,4,'2023-09-24 20:33:28',0,NULL),(262,'2S5p1AELfV',3,3,2,'2023-09-22 22:13:21',0,NULL),(263,'4Epr2iYcCD',2,2,2,'2023-09-13 17:24:13',0,NULL),(264,'eGHSPS0OF6',2,4,1,'2023-09-21 11:53:28',0,NULL),(265,'xczTPcgFur',3,5,4,'2023-09-22 21:05:08',0,NULL),(266,'DHSP52uzVw',2,3,3,'2023-09-16 19:39:46',0,NULL),(267,'ZE32kMwlJR',3,5,5,'2023-09-24 09:00:18',0,NULL),(268,'L3sEIHehu7',1,3,4,'2023-09-13 11:36:33',0,NULL),(269,'NB85qKOrZX',5,6,1,'2023-09-15 13:47:22',0,NULL),(270,'onfyDOItZH',4,2,5,'2023-09-14 14:44:08',0,NULL),(271,'LUFbBktCSz',1,2,4,'2023-09-13 02:10:13',0,NULL),(272,'IcxyH2ua9b',4,3,1,'2023-09-18 07:27:42',0,NULL),(273,'ttZ97pvSeD',1,3,4,'2023-09-27 16:47:59',0,NULL),(274,'p3XI8Bq2vi',1,2,5,'2023-09-17 12:43:28',0,NULL),(275,'WmBFGFLYG1',2,4,4,'2023-09-28 15:15:44',0,NULL),(276,'4FD6Pll2rG',4,6,5,'2023-09-21 23:36:18',0,NULL),(277,'xUM3HSJ3YJ',3,5,4,'2023-09-22 04:13:23',0,NULL),(278,'Gfyu8oAtAE',5,2,2,'2023-09-12 11:57:44',0,NULL),(279,'ES3E0qRQIz',4,6,4,'2023-09-15 20:52:59',0,NULL),(280,'tDr9JPEeKh',4,3,2,'2023-09-16 17:47:44',0,NULL),(281,'gLDEBa4UUl',3,6,4,'2023-09-26 13:28:17',0,NULL),(282,'GAJwFAl6r0',3,2,4,'2023-09-14 20:12:13',0,NULL),(283,'ogFTqkZCMT',1,4,4,'2023-09-15 06:28:54',0,NULL),(284,'XLDGxtwPgV',2,3,3,'2023-09-24 05:27:26',0,NULL),(285,'CZ4zYfqnfb',5,6,1,'2023-09-20 22:48:09',0,NULL),(286,'rjm3Na8fKf',2,5,4,'2023-09-27 21:39:22',0,NULL),(287,'N0ASKVK1ls',4,5,1,'2023-09-21 12:31:26',0,NULL),(288,'vMTnyHOlRE',2,6,2,'2023-09-12 17:33:43',0,NULL),(289,'9cI2iFF7So',4,4,2,'2023-09-16 00:53:07',0,NULL),(290,'7KWZjAg8PW',4,6,4,'2023-09-10 22:13:53',0,NULL),(291,'49beHKmBEw',5,4,3,'2023-09-12 23:36:08',0,NULL),(292,'9sJeSg4rOb',4,5,4,'2023-09-25 17:59:45',0,NULL),(293,'hWjKjefT0N',2,5,5,'2023-09-15 17:23:55',0,NULL),(294,'HOVJ4Of0GI',1,4,2,'2023-09-18 13:36:49',0,NULL),(295,'t2jLzqdjVL',3,5,4,'2023-09-21 15:01:55',0,NULL),(296,'0ZDl2OnNm3',4,3,2,'2023-09-13 00:01:56',0,NULL),(297,'p0yuDq50Wq',2,5,1,'2023-09-15 19:10:39',0,NULL),(298,'xlHTEdWVQ7',2,6,4,'2023-09-21 19:10:44',0,NULL),(299,'ZQUy7CPZbS',2,1,2,'2023-09-12 00:36:46',0,NULL),(300,'N4M30TlSw3',2,6,1,'2023-09-11 03:59:06',0,NULL),(301,'Fllosz4qZl',4,3,5,'2023-09-29 16:27:27',0,NULL),(302,'DBXJpQZXfx',2,4,4,'2023-09-13 07:05:23',0,NULL),(303,'mncbCRpq3a',3,4,3,'2023-09-25 23:56:19',0,NULL),(304,'OxQ20A1ovG',1,6,1,'2023-09-22 02:15:23',0,NULL),(305,'ddhUiPMwVJ',2,2,3,'2023-09-16 13:24:18',0,NULL),(306,'S5ycXFjXHN',3,3,2,'2023-09-26 04:12:21',0,NULL),(307,'AbxqNgfxnw',3,2,3,'2023-09-21 02:30:22',0,NULL),(308,'EEw2Xf4N1N',3,3,4,'2023-09-28 10:07:29',0,NULL),(309,'TPYX8B8pcg',1,3,5,'2023-09-27 03:15:34',0,NULL),(310,'qfrQpUoxAq',2,2,1,'2023-09-10 05:38:21',0,NULL),(311,'TvyLcnQQX9',5,5,2,'2023-09-22 21:58:19',0,NULL),(312,'zjgcYAmUSr',1,4,2,'2023-09-18 00:49:24',0,NULL),(313,'YyPsAmrJUL',2,2,4,'2023-09-20 22:45:29',0,NULL),(314,'wjMp7N8hlh',4,3,4,'2023-09-30 14:41:00',0,NULL),(315,'p7BOXDfBgO',2,5,5,'2023-09-29 16:15:06',0,NULL),(316,'TN2xbvuOrH',5,1,5,'2023-09-12 08:20:23',0,NULL),(317,'cRW0anD8QP',1,2,3,'2023-09-13 02:54:20',0,NULL),(318,'8zRgCIP7vo',1,3,4,'2023-09-18 23:19:54',0,NULL),(319,'CyIFVrx3RX',1,2,2,'2023-09-15 02:10:28',0,NULL),(320,'13alt9Gpur',1,4,2,'2023-09-21 20:06:31',0,NULL),(321,'CQl1gVNsrJ',4,4,4,'2023-09-19 13:40:06',0,NULL),(322,'yPZuK28Fll',3,2,3,'2023-09-30 06:42:09',0,NULL),(323,'JO3JRJDQjC',3,4,1,'2023-09-15 23:45:57',0,NULL),(324,'SQoamulumX',3,2,3,'2023-09-18 00:40:31',0,NULL),(325,'NpsQLnBdN0',4,6,3,'2023-09-29 16:08:14',0,NULL),(326,'bU0unWwyZz',2,6,3,'2023-09-19 12:30:40',0,NULL),(327,'5Cjx6BxqIc',3,4,4,'2023-09-14 13:58:36',0,NULL),(328,'UY7KZiY39X',4,6,5,'2023-09-24 00:52:10',0,NULL),(329,'BZ6nnDa56B',2,3,4,'2023-09-25 20:11:58',0,NULL),(330,'MidgHBTN4F',2,5,2,'2023-09-22 10:23:47',0,NULL),(331,'kTVmBxvcqc',4,4,4,'2023-09-28 05:51:54',0,NULL),(332,'hH6RTa6NOG',4,4,2,'2023-09-30 17:30:46',0,NULL),(333,'ipsnkgni1v',1,2,3,'2023-09-19 19:37:27',0,NULL),(334,'LJVKoyufUY',1,3,2,'2023-09-19 18:01:05',0,NULL),(335,'dtMNdZGfJ3',3,2,4,'2023-09-21 08:15:17',0,NULL),(336,'PbD7slWare',2,6,3,'2023-09-13 05:16:45',0,NULL),(337,'mQMmESF9Yi',3,1,3,'2023-09-27 02:06:35',0,NULL),(338,'KdyEec1Pw3',4,6,4,'2023-09-19 20:22:42',0,NULL),(339,'pILS9DA6q4',1,6,4,'2023-09-21 18:07:11',0,NULL),(340,'1XHsmYgtpU',2,4,4,'2023-09-10 14:06:03',0,NULL),(341,'fb9en69o3r',3,4,5,'2023-09-27 10:21:42',0,NULL),(342,'HuJzyiOGN2',2,5,2,'2023-09-15 17:58:19',0,NULL),(343,'5IRmjBWQYF',3,4,4,'2023-09-16 10:36:53',0,NULL),(344,'zZSDxztspi',2,6,3,'2023-09-14 16:17:50',0,NULL),(345,'9AvbUmZ4zB',2,6,3,'2023-09-22 14:17:39',0,NULL),(346,'T5jpgxcKMP',1,6,1,'2023-09-28 01:25:51',0,NULL),(347,'knIgR9FHLJ',3,4,2,'2023-09-10 18:58:45',0,NULL),(348,'oFIjqiBNl0',2,4,2,'2023-09-12 14:48:55',0,NULL),(349,'Q3PrqFQHrp',4,3,3,'2023-09-19 07:30:53',0,NULL),(350,'YtIRjWqrV2',3,2,3,'2023-09-21 18:27:41',0,NULL),(351,'XIQC1CkCkb',3,5,4,'2023-09-11 07:55:32',0,NULL),(352,'RVMdu1H7C9',2,1,4,'2023-09-14 05:22:29',0,NULL),(353,'SvK1ObNkT4',2,4,5,'2023-09-27 01:31:37',0,NULL),(354,'TVe3SctYxA',4,6,2,'2023-09-26 06:37:25',0,NULL),(355,'U3HIK8LfOV',2,3,4,'2023-09-13 21:46:25',0,NULL),(356,'cMz6VCM3Dh',5,4,3,'2023-09-12 12:56:25',0,NULL),(357,'Ej18i2fh8j',3,5,4,'2023-09-25 15:39:23',0,NULL),(358,'uYcktL3E2W',2,2,5,'2023-09-23 10:37:13',0,NULL),(359,'9Rf2qS3pPR',4,4,3,'2023-09-19 09:06:42',0,NULL),(360,'i4VwRiz45O',3,2,2,'2023-09-15 06:29:03',0,NULL),(361,'zun4UP2Eiq',5,1,5,'2023-09-16 16:56:18',0,NULL),(362,'LiKx8wQv3h',4,1,4,'2023-09-12 14:13:34',0,NULL),(363,'cntrIM7QFv',3,3,1,'2023-09-21 02:40:32',0,NULL),(364,'MU286RbywI',1,1,5,'2023-09-24 15:32:21',0,NULL),(365,'u33vnNN37i',5,4,4,'2023-09-27 17:57:06',0,NULL),(366,'iIxtQh0kjY',4,1,2,'2023-09-28 15:46:04',0,NULL),(367,'BaOadE7EUZ',2,3,3,'2023-09-12 04:56:24',0,NULL),(368,'CUUKYWqJIk',2,3,3,'2023-09-22 03:54:31',0,NULL),(369,'htwDbEAdJj',4,2,3,'2023-09-12 03:47:12',0,NULL),(370,'om5169LJce',4,5,4,'2023-09-24 12:11:28',0,NULL),(371,'jmUNb79gCw',2,6,5,'2023-09-22 20:30:15',0,NULL),(372,'M31B58tvkq',5,5,3,'2023-09-20 07:20:09',0,NULL),(373,'O2InrwU9D5',2,6,3,'2023-09-14 18:15:41',0,NULL),(374,'pWjEVhCEaU',5,2,2,'2023-09-14 07:22:07',0,NULL),(375,'QEeg2PxeEV',3,5,3,'2023-09-21 00:28:20',0,NULL),(376,'swo0XuE7eE',2,5,5,'2023-09-10 14:36:44',0,NULL),(377,'Vcu22CGeOr',4,1,4,'2023-09-24 21:19:40',0,NULL),(378,'2vRwNqazCh',1,5,1,'2023-09-18 11:11:56',0,NULL),(379,'jCBwktZVr8',2,2,5,'2023-09-23 08:23:22',0,NULL),(380,'hos74JVgSq',1,2,3,'2023-09-10 14:02:12',0,NULL),(381,'N8mPbLcSrc',5,1,2,'2023-09-24 10:07:02',0,NULL),(382,'sU0eaiRQI6',4,2,5,'2023-09-22 16:05:00',0,NULL),(383,'tkoJFBh1c3',2,6,3,'2023-09-18 22:51:17',0,NULL),(384,'2vftly2Pmv',5,3,4,'2023-09-23 16:33:24',0,NULL),(385,'JK5MgMqohb',4,2,3,'2023-09-19 07:44:58',0,NULL),(386,'iobuCGoDmB',4,5,1,'2023-09-29 06:27:15',0,NULL),(387,'Yw4j6P81GL',3,5,4,'2023-09-30 03:21:37',0,NULL),(388,'Xb40kkq7aO',4,6,4,'2023-09-23 06:26:42',0,NULL),(389,'CAdX0sVsda',3,3,4,'2023-09-22 19:50:11',0,NULL),(390,'Nf1mbdQTOT',3,1,1,'2023-09-19 01:30:43',0,NULL),(391,'BZ5YNsPJZG',2,4,2,'2023-09-21 19:31:34',0,NULL),(392,'Mye6aMElrV',2,2,5,'2023-09-14 06:18:21',0,NULL),(393,'lA2u3orQUG',5,6,4,'2023-09-12 07:44:18',0,NULL),(394,'wHeOsTSAwj',5,4,5,'2023-09-30 15:47:25',0,NULL),(395,'1tWJxRcgyB',2,3,5,'2023-09-28 16:14:55',0,NULL),(396,'x3uNExO4Hl',4,4,4,'2023-09-20 05:43:57',0,NULL),(397,'AQqXbpzO9H',3,4,4,'2023-09-11 16:39:09',0,NULL),(398,'apgiLKeNda',3,5,1,'2023-09-17 19:23:43',0,NULL),(399,'rrqpTDHNs3',2,5,2,'2023-09-28 11:46:41',0,NULL),(400,'7d5s8g9dCO',2,2,2,'2023-09-30 05:21:36',0,NULL),(401,'WxrA8JL90M',1,2,5,'2023-09-17 17:22:21',0,NULL),(402,'DSxnkwTbtp',1,2,2,'2023-09-13 19:04:59',0,NULL),(403,'sSqDF6JhX8',3,3,5,'2023-09-21 06:38:43',0,NULL),(404,'4Yt2nYSUoZ',1,2,4,'2023-09-17 20:14:42',0,NULL),(405,'47yQ3daU2r',4,4,1,'2023-09-30 04:42:39',0,NULL),(406,'byGmYITWBn',2,4,4,'2023-09-28 06:40:17',0,NULL),(407,'xCXa9i1S0G',4,3,5,'2023-09-28 18:03:59',0,NULL),(408,'KO0dKtm9BG',5,3,4,'2023-09-19 08:19:32',0,NULL),(409,'bvmzdfVkpX',3,2,3,'2023-09-21 20:17:52',0,NULL),(410,'rLeicrXVkf',2,2,4,'2023-09-15 15:35:42',0,NULL),(411,'eQKDyIbIdN',4,2,4,'2023-09-17 04:02:17',0,NULL),(412,'KtPI5bp9Uc',4,2,4,'2023-09-11 07:22:48',0,NULL),(413,'qJbbH8kYQR',4,2,2,'2023-09-16 03:35:38',0,NULL),(414,'lwt4667HH7',3,3,4,'2023-09-25 21:28:53',0,NULL),(415,'62tzF6ThMy',2,3,2,'2023-09-27 01:22:49',0,NULL),(416,'LmahBbfcJt',2,4,5,'2023-09-25 14:23:37',0,NULL),(417,'VjyC9bA6Dg',1,1,3,'2023-09-22 22:16:54',0,NULL),(418,'P2AEMoMuCL',4,5,1,'2023-09-20 00:04:23',0,NULL),(419,'v3275YLzCb',2,5,3,'2023-09-17 12:22:43',0,NULL),(420,'y143VQQLQq',5,5,4,'2023-09-14 06:15:38',0,NULL),(421,'QYIm4dBbKV',3,5,1,'2023-09-26 23:35:12',0,NULL),(422,'pTsBiQCPHc',3,5,2,'2023-09-16 09:57:58',0,NULL),(423,'OfiiCSALwP',4,2,1,'2023-09-24 05:20:41',0,NULL),(424,'mttmn4IrLn',3,5,3,'2023-09-18 12:16:23',0,NULL),(425,'mw4Xp2LKgv',4,5,3,'2023-09-23 02:55:19',0,NULL),(426,'EshxIZU1GJ',2,4,2,'2023-09-23 08:31:48',0,NULL),(427,'BBq9Jb3Y47',3,5,3,'2023-09-30 20:04:46',0,NULL),(428,'6bblHHJ8Qo',3,6,4,'2023-09-19 03:52:21',0,NULL),(429,'FsugN23IFu',4,2,4,'2023-09-13 06:10:29',0,NULL),(430,'QbhUZg2eLN',3,5,4,'2023-09-27 02:51:54',0,NULL),(431,'N4KDKFip9N',4,6,2,'2023-09-16 17:04:56',0,NULL),(432,'kb6JK0jQEI',2,1,1,'2023-09-30 14:21:11',0,NULL),(433,'1egWmeaQlF',4,6,3,'2023-09-23 03:56:35',0,NULL),(434,'eTLZQNIXXm',2,2,3,'2023-09-21 17:35:39',0,NULL),(435,'o0ZuKkSiSI',1,1,3,'2023-09-25 21:16:52',0,NULL),(436,'mGNQd29StI',3,2,4,'2023-09-26 19:01:00',0,NULL),(437,'m475RW4Als',4,4,4,'2023-09-25 09:09:36',0,NULL),(438,'qML7AlcPMq',5,3,2,'2023-09-16 22:42:19',0,NULL),(439,'pba5ren6Oq',3,1,2,'2023-09-29 07:08:35',0,NULL),(440,'M7HsWAM0WZ',4,2,4,'2023-09-29 06:04:00',0,NULL),(441,'7IHBNBEXAE',2,5,4,'2023-09-26 15:45:01',0,NULL),(442,'GNDSifjZJ3',3,5,1,'2023-09-20 10:34:00',0,NULL),(443,'AyJFfYYhRr',3,2,3,'2023-09-27 09:56:49',0,NULL),(444,'8jszW837Fo',5,4,4,'2023-09-11 05:10:34',0,NULL),(445,'p5KaxsjcEn',2,4,2,'2023-09-17 08:54:14',0,NULL),(446,'ktvFxFbaVF',2,6,4,'2023-09-24 17:41:06',0,NULL),(447,'ssglECJZ4T',3,5,1,'2023-09-27 06:18:58',0,NULL),(448,'yZWYQ0RAc1',3,4,4,'2023-09-11 10:25:05',0,NULL),(449,'EadB9wgrUH',4,1,5,'2023-09-16 13:51:18',0,NULL),(450,'nCANUTtAmm',3,5,1,'2023-09-28 12:36:02',0,NULL),(451,'JTIkUV4BOV',4,4,2,'2023-09-21 11:08:04',0,NULL),(452,'q6QXtcJhDs',1,4,3,'2023-09-11 11:38:28',0,NULL),(453,'gJ33ZHtTrq',4,5,4,'2023-09-17 23:30:19',0,NULL),(454,'tFkdCqh3Fg',2,5,2,'2023-09-29 17:18:05',0,NULL),(455,'eQ9l4v2G1X',4,2,1,'2023-09-26 00:21:23',0,NULL),(456,'jtPLfk1kII',2,4,5,'2023-09-21 10:55:59',0,NULL),(457,'y5sSIzlfaR',5,2,3,'2023-09-13 03:20:28',0,NULL),(458,'IeOg3WsbuD',2,5,3,'2023-09-29 13:50:36',0,NULL),(459,'76H6J35V1n',5,5,2,'2023-09-15 12:48:18',0,NULL),(460,'zL72uTuvBm',2,1,3,'2023-09-26 10:45:43',0,NULL),(461,'akhxwISajV',4,4,2,'2023-09-22 09:21:24',0,NULL),(462,'JiT0zBady4',5,5,3,'2023-09-11 00:54:29',0,NULL),(463,'Xwawt0Ss09',3,5,2,'2023-09-18 17:45:13',0,NULL),(464,'zt5rJCSj5w',2,5,3,'2023-09-10 00:50:42',0,NULL),(465,'4yZenW2F24',3,2,4,'2023-09-29 06:43:23',0,NULL),(466,'YVOxBXiAwY',2,5,3,'2023-09-24 19:02:11',0,NULL),(467,'Zle0gD1pnv',4,3,3,'2023-09-22 17:32:17',0,NULL),(468,'m1Mkp4Pl4J',2,4,3,'2023-09-16 10:41:29',0,NULL),(469,'wNjdo7dxhf',2,3,4,'2023-09-22 21:13:52',0,NULL),(470,'QLe2h5UMRQ',1,3,1,'2023-09-23 22:25:34',0,NULL),(471,'KLw6MjvoPT',3,3,2,'2023-09-19 02:37:42',0,NULL),(472,'Se2wsCB1PY',1,3,3,'2023-09-30 10:43:20',0,NULL),(473,'yK5gHUXvBf',3,2,3,'2023-09-13 13:20:43',0,NULL),(474,'e8WnBKGNEh',4,5,3,'2023-09-12 10:06:07',0,NULL),(475,'fYtL00EROZ',5,2,5,'2023-09-15 22:26:16',0,NULL),(476,'GWRYXnUiOt',2,3,4,'2023-09-20 01:37:34',0,NULL),(477,'OOeo8k4nJ0',2,1,3,'2023-09-14 07:23:26',0,NULL),(478,'MTBJGiiPsv',2,1,3,'2023-09-16 14:17:05',0,NULL),(479,'wcyJtcyNs2',2,1,4,'2023-09-18 18:08:00',0,NULL),(480,'MrHY7VSTxi',3,3,2,'2023-09-25 02:46:59',0,NULL),(481,'zxEULPtEU1',4,5,2,'2023-09-20 05:41:25',0,NULL),(482,'zmh7xycdCC',4,2,4,'2023-09-16 03:25:07',0,NULL),(483,'JfilEvRro2',2,3,2,'2023-09-24 16:26:38',0,NULL),(484,'8xPPEN8fUa',4,5,3,'2023-09-19 11:42:52',0,NULL),(485,'1nTJ2LbbLF',1,2,1,'2023-09-23 01:52:45',0,NULL),(486,'8TP8HrjdJp',1,2,4,'2023-09-28 10:35:28',0,NULL),(487,'gCE3lSG67U',3,5,4,'2023-09-28 22:41:06',0,NULL),(488,'dYYx7WMwGU',4,2,5,'2023-09-26 12:43:27',0,NULL),(489,'SvVWK2A1Sg',5,5,1,'2023-09-19 18:35:14',0,NULL),(490,'Fehe48pHZ3',4,2,4,'2023-09-13 11:23:55',0,NULL),(491,'DiEHplwe1W',3,4,4,'2023-09-23 02:04:06',0,NULL),(492,'uThHCRkaO3',2,5,2,'2023-09-12 11:34:54',0,NULL),(493,'sTxSGvBxPy',4,2,2,'2023-09-12 02:28:51',0,NULL),(494,'NoNcOyzpWd',3,5,3,'2023-09-12 02:28:07',0,NULL),(495,'KqluQ8TDif',4,6,5,'2023-09-16 10:43:13',0,NULL),(496,'4w4nEzTtOv',5,4,2,'2023-09-10 01:46:06',0,NULL),(497,'U2dSNFMHHj',3,1,2,'2023-09-11 02:01:31',0,NULL),(498,'0PF0L3JPEn',3,1,1,'2023-09-18 06:02:41',0,NULL),(499,'pUBR8j81Dy',2,6,3,'2023-09-30 17:07:42',0,NULL),(500,'xwXukRKBwV',3,6,2,'2023-09-30 04:00:54',0,NULL),(501,'e616Dxq0Uz',2,5,3,'2023-09-15 07:42:37',0,NULL),(502,'JzQ4HyiV7T',3,2,2,'2023-09-30 14:04:56',0,NULL),(503,'D4RL6IDXkL',2,6,3,'2023-09-29 02:11:40',0,NULL),(504,'H7Uvqbeum3',4,2,4,'2023-09-30 15:01:48',0,NULL),(505,'XYImeZcWev',2,5,2,'2023-09-14 14:17:09',0,NULL),(506,'mWfwwujuOA',2,6,4,'2023-09-16 13:53:13',0,NULL),(507,'hFafjVKNIV',5,4,2,'2023-09-25 18:22:48',0,NULL),(508,'UnKwr3f6ZO',3,4,1,'2023-09-25 10:09:57',0,NULL),(509,'rpHwGRJeVq',2,3,3,'2023-09-23 06:47:06',0,NULL),(510,'FdTyuz3qTz',1,4,2,'2023-09-13 02:53:25',0,NULL),(511,'16ooqupcbC',2,5,2,'2023-09-24 01:29:32',0,NULL),(512,'YuBNpkwTDC',5,3,3,'2023-09-21 09:12:44',0,NULL),(513,'1fvJgJzzkS',4,6,2,'2023-09-13 19:17:28',0,NULL),(514,'KKqrwuqsi1',1,4,4,'2023-09-16 07:43:49',0,NULL),(515,'kQtp85tK0V',1,6,2,'2023-09-30 05:14:42',0,NULL),(516,'21244ERZ9c',4,2,3,'2023-09-17 21:22:35',0,NULL),(517,'xvtZMZw5OS',5,5,1,'2023-09-30 02:15:12',0,NULL),(518,'ekx2g84Qsu',4,3,1,'2023-09-15 13:08:27',0,NULL),(519,'0hfKHQhRQr',2,4,4,'2023-09-23 13:09:43',0,NULL),(520,'yMt3P1IYeL',3,5,4,'2023-09-21 12:24:45',0,NULL),(521,'XCoYIIkDQs',3,5,2,'2023-09-16 07:16:06',0,NULL),(522,'EJHrN9qMYK',4,5,3,'2023-09-26 13:12:51',0,NULL),(523,'uKr196ONgT',4,4,3,'2023-09-28 23:08:03',0,NULL),(524,'NWVrFxePft',4,1,5,'2023-09-11 06:02:33',0,NULL),(525,'Sj08cpJz1B',2,2,2,'2023-09-23 15:13:33',0,NULL),(526,'9M9VgzWOYO',3,4,4,'2023-09-17 08:56:18',0,NULL),(527,'MlAA1eApD9',2,5,3,'2023-09-12 09:13:45',0,NULL),(528,'G2Nxj6hGDg',5,4,2,'2023-09-13 07:11:51',0,NULL),(529,'3Y7Ki0ZnpD',2,6,1,'2023-09-11 19:43:33',0,NULL),(530,'FNwcpz4Al9',5,4,2,'2023-09-25 05:16:51',0,NULL),(531,'ELglS30jC1',2,2,3,'2023-09-12 05:41:19',0,NULL),(532,'KrO63gUOWR',2,6,4,'2023-09-29 06:10:43',0,NULL),(533,'oOW9REMAOC',5,6,4,'2023-09-15 20:16:06',0,NULL),(534,'7C7neapsoG',4,4,2,'2023-09-25 05:17:59',0,NULL),(535,'jcEfEQIl1Q',5,2,5,'2023-09-29 14:19:57',0,NULL),(536,'w7pv6azEla',2,3,3,'2023-09-11 19:00:28',0,NULL),(537,'vQgga7LFxJ',3,3,2,'2023-09-17 22:21:26',0,NULL),(538,'RA5lc5p9sS',4,1,4,'2023-09-20 14:18:15',0,NULL),(539,'ORnxkxldBA',5,6,4,'2023-09-21 16:16:01',0,NULL),(540,'h7YIDahgLV',4,5,1,'2023-09-28 23:59:06',0,NULL),(541,'ZmWEvKdECD',4,3,2,'2023-09-29 16:08:57',0,NULL),(542,'Mdo6YjMZRi',2,2,2,'2023-09-17 14:37:00',0,NULL),(543,'6aJWsTkA6O',3,3,3,'2023-09-21 11:21:31',0,NULL),(544,'XELoSCL9M2',1,4,1,'2023-09-28 20:39:13',0,NULL),(545,'bJsuootS4v',1,3,3,'2023-09-22 14:48:14',0,NULL),(546,'YI5JM9RsBg',3,6,3,'2023-09-20 22:34:09',0,NULL),(547,'eB9bgpTw3W',3,2,1,'2023-09-10 18:37:32',0,NULL),(548,'UWJKcDjwQU',3,6,5,'2023-09-19 13:28:53',0,NULL),(549,'BA1UER3DpW',5,5,2,'2023-09-18 01:06:31',0,NULL),(550,'TT6OjYIDzV',5,3,4,'2023-09-19 20:17:30',0,NULL),(551,'cTtKYr1SBl',1,5,3,'2023-09-15 07:41:12',0,NULL),(552,'b5sOyMnQ6A',1,2,5,'2023-09-16 13:13:54',0,NULL),(553,'aeAIvsVwez',4,4,4,'2023-09-23 02:44:15',0,NULL),(554,'zx0OKmeDIl',2,3,4,'2023-09-17 00:44:27',0,NULL),(555,'uyQsGo6EnN',3,6,2,'2023-09-22 01:51:25',0,NULL),(556,'SxNWYd02cW',4,2,3,'2023-09-14 00:02:52',0,NULL),(557,'Ro15rClbnK',3,4,2,'2023-09-19 22:30:45',0,NULL),(558,'wrnqHlzweI',3,1,3,'2023-09-27 09:18:14',0,NULL),(559,'xltafKtcYa',3,3,5,'2023-09-28 10:33:51',0,NULL),(560,'W2cLlH4trO',4,3,2,'2023-09-20 16:12:41',0,NULL),(561,'kkhQeHiMyi',2,3,3,'2023-09-23 03:01:31',0,NULL),(562,'dUPoGzFRsW',4,1,4,'2023-09-13 08:17:58',0,NULL),(563,'Kdzh9e7oIr',2,5,1,'2023-09-29 08:16:51',0,NULL),(564,'eX4rnf8L8i',1,6,2,'2023-09-30 03:23:37',0,NULL),(565,'6ylxuJmvqi',1,6,1,'2023-09-15 08:50:55',0,NULL),(566,'3Q96OPc8Z9',3,5,2,'2023-09-23 20:05:09',0,NULL),(567,'DVRyJdjYOT',2,4,4,'2023-09-24 07:48:04',0,NULL),(568,'AGNXmZD2Nm',2,3,4,'2023-09-12 11:09:15',0,NULL),(569,'a2DevyGeV7',5,5,3,'2023-09-28 04:54:12',0,NULL),(570,'GWsQAFH6MN',4,2,2,'2023-09-25 20:25:30',0,NULL),(571,'BH7Xf0Sm2c',2,4,4,'2023-09-25 03:44:15',0,NULL),(572,'SqJXerS0Wf',3,2,4,'2023-09-22 12:23:02',0,NULL),(573,'sYtScmdLuB',1,5,3,'2023-09-23 23:18:25',0,NULL),(574,'n50k5Hmvbt',3,4,5,'2023-09-21 04:21:33',0,NULL),(575,'CEXjuN208j',2,2,2,'2023-09-11 23:14:52',0,NULL),(576,'ZKZ8lJ2ADY',1,3,5,'2023-09-25 09:09:53',0,NULL),(577,'hT2Os3BLS1',3,5,2,'2023-09-18 01:31:55',0,NULL),(578,'smrttB3IAJ',4,3,2,'2023-09-16 12:06:17',0,NULL),(579,'UEPrz52oa3',2,5,4,'2023-09-13 00:41:55',0,NULL),(580,'3Xv0XPwmdC',4,6,4,'2023-09-12 12:06:53',0,NULL),(581,'uM4bz3Bssi',2,5,4,'2023-09-28 12:35:05',0,NULL),(582,'Kt7M7fYoGY',4,1,4,'2023-09-14 15:34:37',0,NULL),(583,'coM2ZlwQEB',3,2,4,'2023-09-17 18:55:57',0,NULL),(584,'ply84irmOa',5,5,5,'2023-09-22 15:59:53',0,NULL),(585,'dIRGyQEMVM',2,2,5,'2023-09-18 10:31:52',0,NULL),(586,'Un6ODCmDkW',1,4,3,'2023-09-18 02:16:52',0,NULL),(587,'PPI0OJVJox',3,5,3,'2023-09-20 04:27:24',0,NULL),(588,'Gjw6m7q71M',4,6,4,'2023-09-19 07:50:59',0,NULL),(589,'X2yRAiYeLY',5,1,1,'2023-09-30 08:01:27',0,NULL),(590,'Bt1qlxVBz7',4,3,5,'2023-09-13 06:42:21',0,NULL),(591,'9L0qy66T0i',1,2,2,'2023-09-13 11:27:28',0,NULL),(592,'nPGa4vAQhG',2,4,2,'2023-09-30 21:38:18',0,NULL),(593,'8t5mHodX7l',3,6,2,'2023-09-19 04:55:37',0,NULL),(594,'PWuzkCarPi',2,5,4,'2023-09-11 08:10:43',0,NULL),(595,'RBfwA9Vmdh',5,4,2,'2023-09-21 03:38:45',0,NULL),(596,'hTAT5XBTVq',3,4,4,'2023-09-19 05:43:49',0,NULL),(597,'KvjCX1C6PW',4,2,5,'2023-09-23 19:18:22',0,NULL),(598,'3VcnzfS6KG',3,5,3,'2023-09-10 11:44:35',0,NULL),(599,'4A89ea2lOZ',3,4,1,'2023-09-14 00:43:38',0,NULL),(600,'jK0JQptSkC',5,4,3,'2023-09-24 05:13:05',0,NULL),(601,'cb2xhUclz0',4,2,2,'2023-09-23 11:19:33',0,NULL),(602,'JOZGBOj5yt',4,2,2,'2023-09-17 03:47:45',0,NULL),(603,'mNg7CaPpXi',4,3,1,'2023-09-30 04:32:41',0,NULL),(604,'TVd75JEs5w',4,2,2,'2023-09-28 15:14:35',0,NULL),(605,'jMBy4SwaIP',2,2,4,'2023-09-27 04:26:09',0,NULL),(606,'kOe6epqETP',2,3,3,'2023-09-14 18:31:08',0,NULL),(607,'pe7ozRn0fR',3,3,2,'2023-09-28 18:25:01',0,NULL),(608,'aTszGaOZsJ',4,2,5,'2023-09-18 02:17:17',0,NULL),(609,'VpzfEQXPsN',4,3,4,'2023-09-13 19:04:38',0,NULL),(610,'5pIrwVOm3S',3,5,4,'2023-09-15 10:52:24',0,NULL),(611,'vrq6rhOgxg',4,4,2,'2023-09-16 17:11:22',0,NULL),(612,'DsYXCqq3HJ',3,5,1,'2023-09-21 00:19:21',0,NULL),(613,'ToGwOhTgl8',3,4,4,'2023-09-28 18:46:38',0,NULL),(614,'LYX7xqe91j',4,1,2,'2023-09-25 01:44:58',0,NULL),(615,'33BDCyuUM6',2,3,4,'2023-09-30 18:24:47',0,NULL),(616,'zuBcXxHQR9',4,3,2,'2023-09-25 04:45:24',0,NULL),(617,'56LLY63bfx',2,4,4,'2023-09-22 13:20:18',0,NULL),(618,'VE2vcNh1TY',3,6,4,'2023-09-18 17:25:54',0,NULL),(619,'dsoKkDFVyN',1,4,2,'2023-09-17 13:20:08',0,NULL),(620,'426wr9DON4',2,4,5,'2023-09-26 08:46:30',0,NULL),(621,'ijE0nDKngI',4,4,2,'2023-09-29 20:30:45',0,NULL),(622,'IJt5zaPpqp',2,4,5,'2023-09-19 08:05:25',0,NULL),(623,'5Ey9P7msbM',1,1,1,'2023-09-21 02:09:56',0,NULL),(624,'VTow9VbOlD',2,1,1,'2023-09-21 04:03:49',0,NULL),(625,'elWedROkZ9',3,5,3,'2023-09-24 03:19:37',0,NULL),(626,'UizsiDF77Z',5,4,2,'2023-09-27 04:27:42',0,NULL),(627,'SvuWT1KOps',4,4,2,'2023-09-29 19:28:22',0,NULL),(628,'6Htfq3usK2',4,5,3,'2023-09-14 06:03:32',0,NULL),(629,'eS61DdMcpg',4,4,1,'2023-09-16 10:21:11',0,NULL),(630,'hVeb4InGfb',2,3,3,'2023-09-10 08:25:59',0,NULL),(631,'ud0wkCTT74',4,2,3,'2023-09-28 09:23:24',0,NULL),(632,'sNvHMQqKQ3',4,6,2,'2023-09-14 19:25:19',0,NULL),(633,'qsPzv5sM0P',4,4,4,'2023-09-18 02:04:21',0,NULL),(634,'n53OlLDS3W',3,6,2,'2023-09-20 06:34:20',0,NULL),(635,'F4RcRr0Fyp',5,6,3,'2023-09-25 18:28:14',0,NULL),(636,'GIzDtG4c6S',3,3,2,'2023-09-25 04:05:19',0,NULL),(637,'GEQ0pljeiN',2,2,3,'2023-09-20 23:09:28',0,NULL),(638,'ONlLg1MhYx',2,1,5,'2023-09-20 01:12:00',0,NULL),(639,'0YLK8chf4V',5,4,5,'2023-09-10 15:28:13',0,NULL),(640,'0vB8bHnnRG',3,2,3,'2023-09-25 20:32:09',0,NULL),(641,'G7Ri11Z3vV',3,2,1,'2023-09-16 12:48:11',0,NULL),(642,'xjjUAmbg74',2,2,2,'2023-09-21 16:45:41',0,NULL),(643,'FIqgxn69ts',4,2,2,'2023-09-17 16:44:40',0,NULL),(644,'GoGvSc9rn9',2,6,3,'2023-09-26 16:34:47',0,NULL),(645,'Bzdn5gBfNW',4,6,2,'2023-09-11 20:33:21',0,NULL),(646,'Lrx5xkviga',5,5,5,'2023-09-23 14:28:44',0,NULL),(647,'EGtJNtyHAk',3,2,2,'2023-09-12 21:10:58',0,NULL),(648,'JrF730JreH',1,5,3,'2023-09-14 11:53:59',0,NULL),(649,'oIN7VeX3OP',2,6,5,'2023-09-11 15:28:50',0,NULL),(650,'itFq0jt8ow',1,3,1,'2023-09-26 12:49:02',0,NULL),(651,'F4JKTvP36n',5,3,2,'2023-09-13 03:50:19',0,NULL),(652,'D2HSsRAzUM',5,5,5,'2023-09-26 10:37:08',0,NULL),(653,'Kw4APYUaAx',3,2,3,'2023-09-11 11:58:47',0,NULL),(654,'djnlwjasZG',3,1,2,'2023-09-21 19:08:00',0,NULL),(655,'N2VXYKRzPl',3,6,5,'2023-09-21 06:44:39',0,NULL),(656,'vC1OVCaJh6',3,5,4,'2023-09-30 03:33:04',0,NULL),(657,'8ZEB3PmzU8',3,5,2,'2023-09-12 22:40:50',0,NULL),(658,'2pabRek6Hv',3,6,4,'2023-09-16 18:04:06',0,NULL),(659,'cDgfOR9VfI',4,2,5,'2023-09-30 11:47:35',0,NULL),(660,'nnxxinIntt',2,3,4,'2023-09-15 03:29:44',0,NULL),(661,'kST3UeYV0g',3,5,2,'2023-09-12 12:00:47',0,NULL),(662,'YKbn3GIpPz',3,5,5,'2023-09-14 09:30:40',0,NULL),(663,'kLKZkhKi14',5,2,5,'2023-09-21 02:44:40',0,NULL),(664,'GOGM4nycUV',1,3,2,'2023-09-11 15:31:41',0,NULL),(665,'bON3sicQYW',2,5,4,'2023-09-18 01:44:23',0,NULL),(666,'iGDtO6cxsA',2,5,4,'2023-09-18 14:02:01',0,NULL),(667,'DVtE5DZKYe',2,2,3,'2023-09-10 16:26:28',0,NULL),(668,'gpedrICCFI',3,5,2,'2023-09-22 13:22:41',0,NULL),(669,'mnM1n0Ykp6',4,2,3,'2023-09-12 07:26:19',0,NULL),(670,'h0qiVWaf8i',3,4,5,'2023-09-23 06:03:23',0,NULL),(671,'8cWf4NO5gw',1,2,5,'2023-09-20 14:33:56',0,NULL),(672,'5aqGAag7QA',4,4,4,'2023-09-15 14:28:13',0,NULL),(673,'s78ZMdksW4',2,1,4,'2023-09-11 13:08:29',0,NULL),(674,'JMr3JBAYp8',3,5,3,'2023-09-12 09:07:20',0,NULL),(675,'KhEwRP2fBN',5,2,2,'2023-09-25 13:22:33',0,NULL),(676,'3niVkuDXwd',5,4,1,'2023-09-27 15:31:52',0,NULL),(677,'rceTDziIXs',4,1,5,'2023-09-22 09:25:20',0,NULL),(678,'9hWlbe62vd',5,3,5,'2023-09-10 08:35:55',0,NULL),(679,'IEC1fTksmE',4,5,2,'2023-09-21 14:53:31',0,NULL),(680,'vDKpCdJd2N',4,3,2,'2023-09-16 04:32:01',0,NULL),(681,'2EL4MhLPDn',3,6,4,'2023-09-16 21:12:20',0,NULL),(682,'th3gO8MZE8',2,4,4,'2023-09-13 21:55:55',0,NULL),(683,'iaS2r3KuSh',3,5,5,'2023-09-24 10:32:31',0,NULL),(684,'zLw4DreZ2U',2,5,2,'2023-09-23 12:51:54',0,NULL),(685,'xUuYF9UByh',4,6,2,'2023-09-26 05:22:09',0,NULL),(686,'pl71levPfY',2,2,4,'2023-09-27 13:26:52',0,NULL),(687,'nwAgV6yKzF',2,2,2,'2023-09-21 17:11:09',0,NULL),(688,'YeL0cWjbLz',4,3,3,'2023-09-17 03:30:01',0,NULL),(689,'yCdy5fjozR',2,4,3,'2023-09-10 20:42:00',0,NULL),(690,'hHfS1rNBo4',2,5,2,'2023-09-10 09:20:58',0,NULL),(691,'zWDUBs0xqf',4,2,4,'2023-09-17 05:12:04',0,NULL),(692,'kFCVrNVqHz',5,3,5,'2023-09-17 18:44:07',0,NULL),(693,'bFHzzRVvrC',2,2,4,'2023-09-20 04:19:47',0,NULL),(694,'4WF9f4mKcw',1,4,5,'2023-09-18 21:20:14',0,NULL),(695,'n7AlpXrh6L',2,5,1,'2023-09-30 09:51:26',0,NULL),(696,'1SYaLrI314',2,4,4,'2023-09-20 10:03:01',0,NULL),(697,'djegVkM9nx',3,6,3,'2023-09-17 18:33:01',0,NULL),(698,'wEOhhGHwjV',3,3,5,'2023-09-14 10:27:10',0,NULL),(699,'nNHvA3OMsz',1,3,1,'2023-09-27 00:30:07',0,NULL),(700,'fXDKbJqRoc',3,2,5,'2023-09-10 18:42:16',0,NULL),(701,'0hV5XhKNRB',5,2,3,'2023-09-13 15:57:32',0,NULL),(702,'rDw9dGntll',4,2,3,'2023-09-30 16:29:18',0,NULL),(703,'sgngbobNHV',1,3,4,'2023-09-17 23:57:39',0,NULL),(704,'a3I2Bw9wOI',2,5,2,'2023-09-27 15:16:41',0,NULL),(705,'jrETzVpTA5',1,4,3,'2023-09-26 10:10:31',0,NULL),(706,'Kh7ZmRNRrU',4,5,2,'2023-09-16 00:02:23',0,NULL),(707,'o54FSzZqdw',2,1,2,'2023-09-13 08:19:21',0,NULL),(708,'JGJhtzc9tj',4,4,5,'2023-09-10 15:23:32',0,NULL),(709,'3eUBzdKfK3',2,3,4,'2023-09-16 13:09:33',0,NULL),(710,'kLu7fIDzmb',3,4,3,'2023-09-11 21:25:15',0,NULL),(711,'Xmc4XuSGLp',4,1,1,'2023-09-30 08:26:28',0,NULL),(712,'S6zVJxSP56',2,4,3,'2023-09-11 08:55:16',0,NULL),(713,'3dlsc3PG40',5,4,1,'2023-09-19 05:00:30',0,NULL),(714,'GYlJHcgRYY',5,2,2,'2023-09-11 18:26:31',0,NULL),(715,'ntbk1sy73F',4,4,2,'2023-09-24 19:57:45',0,NULL),(716,'BDqlEfyMHu',2,4,1,'2023-09-26 22:18:53',0,NULL),(717,'0NMDlofYZw',5,5,5,'2023-09-24 04:47:24',0,NULL),(718,'MoOf6PyAro',5,3,2,'2023-09-23 21:22:45',0,NULL),(719,'dVkZEnWLKH',4,2,4,'2023-09-24 13:30:05',0,NULL),(720,'QqznkBAkMO',3,2,3,'2023-09-18 17:37:36',0,NULL),(721,'yC10NNLbOo',4,2,2,'2023-09-10 18:03:03',0,NULL),(722,'AJTGXjuDC6',2,5,4,'2023-09-14 07:39:15',0,NULL),(723,'SjPaGxk5mN',1,3,4,'2023-09-15 01:36:06',0,NULL),(724,'zsEdVvxMhL',1,3,4,'2023-09-18 04:27:13',0,NULL),(725,'P2LuyT3B6d',4,6,3,'2023-09-12 03:03:17',0,NULL),(726,'cCBzzUAcPu',5,2,1,'2023-09-16 12:37:25',0,NULL),(727,'IG1JM8L3zz',5,5,1,'2023-09-28 02:54:26',0,NULL),(728,'dvJYwW83IH',2,4,3,'2023-09-17 11:47:27',0,NULL),(729,'SLzYlSRPuy',2,5,1,'2023-09-12 21:53:51',0,NULL),(730,'B5wNmAVr9c',3,3,2,'2023-09-24 13:24:29',0,NULL),(731,'elNqTh0I4V',4,3,3,'2023-09-27 19:49:15',0,NULL),(732,'pzqlCAMNw9',4,2,5,'2023-09-23 16:41:31',0,NULL),(733,'BgyoiePUdm',3,4,5,'2023-09-24 23:38:17',0,NULL),(734,'XR0X1dOJrO',3,3,2,'2023-09-24 06:34:31',0,NULL),(735,'FQFLohdV4J',5,4,2,'2023-09-28 15:29:46',0,NULL),(736,'O4xB3xWZk2',1,1,5,'2023-09-26 06:04:29',0,NULL),(737,'ryFVin1fbM',2,5,1,'2023-09-10 13:29:53',0,NULL),(738,'AYw8mpRPPx',4,3,4,'2023-09-30 18:27:22',0,NULL),(739,'Iwl3PJU8HN',1,1,3,'2023-09-27 06:14:41',0,NULL),(740,'0FASgP32oV',1,4,2,'2023-09-23 22:10:13',0,NULL),(741,'y5HiNQSwOX',4,3,4,'2023-09-14 09:16:33',0,NULL),(742,'nOqbqKdxDU',5,2,2,'2023-09-15 21:34:34',0,NULL),(743,'oqRDAPX44o',2,2,3,'2023-09-24 01:27:38',0,NULL),(744,'vHn2XhM1wD',2,5,5,'2023-09-12 11:52:33',0,NULL),(745,'g2hAeWxpsQ',3,4,2,'2023-09-19 13:46:47',0,NULL),(746,'ZIMcgLdrfC',5,2,5,'2023-09-18 23:18:51',0,NULL),(747,'zB3tYZmO7w',1,4,2,'2023-09-13 09:36:27',0,NULL),(748,'gQzCp71hyN',4,5,3,'2023-09-10 04:11:30',0,NULL),(749,'X8l7bGYiio',4,1,2,'2023-09-30 18:59:55',0,NULL),(750,'GmmWBtN2FL',2,2,3,'2023-09-24 05:41:32',0,NULL),(751,'C8TGgBcMBz',3,2,4,'2023-09-18 03:47:55',0,NULL),(752,'8YZs2s6p1a',2,5,2,'2023-09-27 02:24:57',0,NULL),(753,'dqPO0ylmVY',3,5,4,'2023-09-23 01:18:09',0,NULL),(754,'iH2BDFpOhU',4,6,4,'2023-09-29 05:24:39',0,NULL),(755,'Rf9rnCrP5Q',3,4,4,'2023-09-19 06:24:01',0,NULL),(756,'YDVPjopdjU',4,3,4,'2023-09-25 09:24:34',0,NULL),(757,'CpSauhA9rO',4,1,3,'2023-09-25 04:53:21',0,NULL),(758,'cU81fpeqqJ',3,5,4,'2023-09-21 02:09:00',0,NULL),(759,'O1yVStJWFn',1,6,2,'2023-09-17 05:37:00',0,NULL),(760,'feU1r58s3X',2,1,3,'2023-09-22 10:40:44',0,NULL),(761,'51BDciKy5k',2,2,3,'2023-09-14 16:19:35',0,NULL),(762,'y2zbxg9c0U',3,3,4,'2023-09-30 17:21:10',0,NULL),(763,'Y2BRLNP9M9',4,6,4,'2023-09-23 00:16:33',0,NULL),(764,'KgrGaMiYNb',3,5,4,'2023-09-13 13:19:45',0,NULL),(765,'Ul18xOiD36',5,3,3,'2023-09-22 18:44:38',0,NULL),(766,'HUfKbtdTeg',2,4,4,'2023-09-22 01:28:45',0,NULL),(767,'isbsOpL5pt',2,1,4,'2023-09-27 21:33:57',0,NULL),(768,'e9fvp49CH2',4,4,3,'2023-09-16 19:19:40',0,NULL),(769,'jrwlTH7a20',2,5,5,'2023-09-12 02:48:52',0,NULL),(770,'LH1lZBqcpz',3,5,1,'2023-09-20 05:19:42',0,NULL),(771,'mASIaWZAk9',2,5,2,'2023-09-29 10:57:59',0,NULL),(772,'MmC9l9ORDZ',2,2,4,'2023-09-21 08:54:15',0,NULL),(773,'McGZBPm9JY',4,3,5,'2023-09-30 00:48:45',0,NULL),(774,'M417UBZN7V',1,4,4,'2023-09-14 12:14:56',0,NULL),(775,'fdARwf6bIF',4,5,4,'2023-09-17 10:54:53',0,NULL),(776,'kEFGL7dNrT',1,3,1,'2023-09-24 20:45:03',0,NULL),(777,'df6ISWruvO',4,2,2,'2023-09-26 20:40:42',0,NULL),(778,'hVq2k49VGN',3,1,3,'2023-09-15 03:36:16',0,NULL),(779,'s6FuE0HvlK',3,6,3,'2023-09-24 21:47:41',0,NULL),(780,'Z4tkvizMeU',5,1,2,'2023-09-17 01:24:44',0,NULL),(781,'UC0HagvJD4',5,2,3,'2023-09-13 03:10:30',0,NULL),(782,'VXuY9rpfoK',5,4,4,'2023-09-26 11:21:30',0,NULL),(783,'OkuoVAZ36p',2,2,2,'2023-09-30 12:09:58',0,NULL),(784,'DcPhC7NHY4',5,2,4,'2023-09-24 06:55:09',0,NULL),(785,'5wlK2VL6A8',1,2,3,'2023-09-18 15:42:06',0,NULL),(786,'mjSdOvqHc2',1,2,4,'2023-09-13 10:10:09',0,NULL),(787,'XYR74F5tHo',2,5,3,'2023-09-16 22:56:11',0,NULL),(788,'PYZ7Xe0Rfm',2,5,4,'2023-09-19 06:30:02',0,NULL),(789,'SpCNteTWCx',2,5,2,'2023-09-30 14:44:50',0,NULL),(790,'aGrTTZl5Jo',2,2,2,'2023-09-22 09:43:09',0,NULL),(791,'aGgSq9dWNC',3,6,3,'2023-09-15 00:02:50',0,NULL),(792,'z4eSuDoUSx',3,6,2,'2023-09-27 08:40:55',0,NULL),(793,'A4pnZzFk8R',1,6,1,'2023-09-14 16:37:26',0,NULL),(794,'jjbvMplWL0',3,6,4,'2023-09-23 17:43:52',0,NULL),(795,'f4yFRMzxcv',1,5,4,'2023-09-21 23:36:33',0,NULL),(796,'ljFE25mpwN',4,4,2,'2023-09-11 19:31:42',0,NULL),(797,'l4Hst10LYS',2,1,3,'2023-09-29 23:56:34',0,NULL),(798,'FRELEQswyo',1,6,5,'2023-09-24 09:43:06',0,NULL),(799,'a9TdgtKV1f',3,4,3,'2023-09-18 13:47:02',0,NULL),(800,'oLJDrhvayK',3,3,3,'2023-09-28 21:38:35',0,NULL),(801,'Z4V98HnjsV',4,2,2,'2023-09-26 20:25:09',0,NULL),(802,'v7dlIelD7v',3,5,2,'2023-09-10 21:40:46',0,NULL),(803,'wbB4LPLVdp',3,2,1,'2023-09-22 06:35:14',0,NULL),(804,'tTccpDQW2C',2,1,4,'2023-09-12 15:34:32',0,NULL),(805,'oGfYdGRECt',1,6,5,'2023-09-26 22:35:16',0,NULL),(806,'wlQjhvHVdN',4,2,1,'2023-09-24 20:55:05',0,NULL),(807,'mx5VSgFQYJ',2,1,3,'2023-09-15 00:43:18',0,NULL),(808,'0bzBLhpsB0',2,1,3,'2023-09-16 04:52:13',0,NULL),(809,'fBOiaqDTGx',3,1,5,'2023-09-16 20:37:55',0,NULL),(810,'6wnqHXBx7m',2,5,1,'2023-09-16 07:52:57',0,NULL),(811,'F7c88ght6G',5,4,2,'2023-09-21 18:38:35',0,NULL),(812,'ZLHsPNaalA',5,4,2,'2023-09-30 01:30:52',0,NULL),(813,'FdYS07Qje9',3,2,2,'2023-09-30 14:14:03',0,NULL),(814,'MmsOYGtMRi',4,3,3,'2023-09-18 12:02:05',0,NULL),(815,'BuC2NGMuCe',3,6,1,'2023-09-18 19:10:38',0,NULL),(816,'71xqx5qFLv',2,3,4,'2023-09-20 19:01:29',0,NULL),(817,'0fv6HwxXf3',3,3,2,'2023-09-24 14:36:52',0,NULL),(818,'Kit7nzGWux',4,3,5,'2023-09-18 12:17:41',0,NULL),(819,'GAZh48c3rs',2,1,3,'2023-09-18 21:14:23',0,NULL),(820,'lQ1H9SRvpq',2,6,2,'2023-09-28 14:43:34',0,NULL),(821,'qeDBjzpLL7',3,5,4,'2023-09-29 10:04:07',0,NULL),(822,'a8aNy4bXkq',4,3,1,'2023-09-15 13:26:42',0,NULL),(823,'h4TjMZrMsr',2,2,1,'2023-09-19 00:19:00',0,NULL),(824,'FXrA1MSGAF',3,6,3,'2023-09-20 07:54:21',0,NULL),(825,'Nkm8thg6aG',5,3,2,'2023-09-12 09:48:45',0,NULL),(826,'OhnyqPlgk1',3,3,5,'2023-09-29 07:40:03',0,NULL),(827,'2a0Nj1oBnD',2,2,4,'2023-09-10 15:31:45',0,NULL),(828,'zbLSR39MTz',4,4,4,'2023-09-14 16:02:46',0,NULL),(829,'95MvsVG26s',5,4,3,'2023-09-14 12:38:03',0,NULL),(830,'NyRQMxgVNO',2,3,3,'2023-09-27 16:05:56',0,NULL),(831,'VoQblHxnuo',4,5,4,'2023-09-26 11:56:39',0,NULL),(832,'3lUq4OR8Oh',4,5,2,'2023-09-14 21:52:53',0,NULL),(833,'VtNiSM4F4a',2,6,4,'2023-09-28 23:27:44',0,NULL),(834,'whf5OnORpY',1,2,2,'2023-09-14 20:16:22',0,NULL),(835,'IhMVEqahwW',1,4,1,'2023-09-16 01:31:54',0,NULL),(836,'C5i6QNNm3d',3,2,3,'2023-09-13 16:26:02',0,NULL),(837,'nGEHg2Ank5',5,1,2,'2023-09-17 04:42:55',0,NULL),(838,'1GmNhbjKaY',2,5,3,'2023-09-26 22:20:15',0,NULL),(839,'hWwzs3DLh7',1,3,2,'2023-09-24 04:55:20',0,NULL),(840,'B0SugHdtey',3,6,3,'2023-09-30 19:39:48',0,NULL),(841,'pqzFIkY7C4',4,3,4,'2023-09-13 22:23:59',0,NULL),(842,'AmGgWGYziN',2,2,3,'2023-09-19 01:14:36',0,NULL),(843,'vcB65iLwMT',2,4,5,'2023-09-10 02:49:16',0,NULL),(844,'KaTY8duPm8',4,4,2,'2023-09-25 06:18:43',0,NULL),(845,'2UPZqpfJct',2,4,3,'2023-09-25 19:25:32',0,NULL),(846,'CTNLzi5pvV',3,4,5,'2023-09-21 23:19:41',0,NULL),(847,'wZK6dKY3gj',4,2,4,'2023-09-14 13:33:39',0,NULL),(848,'E0HJjDmRkv',4,6,5,'2023-09-28 11:53:37',0,NULL),(849,'lGJVjwffJ2',4,2,3,'2023-09-22 06:51:46',0,NULL),(850,'t9xGa1dm1U',2,3,3,'2023-09-30 01:32:43',0,NULL),(851,'lmvNIg1cck',2,5,3,'2023-09-17 15:16:57',0,NULL),(852,'dTyZT6mYh4',3,4,3,'2023-09-25 06:12:11',0,NULL),(853,'52KJNZ7i5W',3,2,2,'2023-09-10 05:25:02',0,NULL),(854,'XLfLxRRxmu',2,3,4,'2023-09-12 03:26:25',0,NULL),(855,'97zEyRL6OO',4,3,4,'2023-09-24 23:37:58',0,NULL),(856,'HVEJzDfbfL',2,2,1,'2023-09-12 06:51:41',0,NULL),(857,'yjFawk9IGg',3,2,4,'2023-09-28 07:30:42',0,NULL),(858,'tiF0iMRmkx',1,3,5,'2023-09-12 05:40:26',0,NULL),(859,'jIWCVOuiIu',1,4,4,'2023-09-29 21:42:55',0,NULL),(860,'aGFocA9gvT',5,1,2,'2023-09-14 05:57:49',0,NULL),(861,'HqZ8qraFqq',1,5,5,'2023-09-26 05:05:07',0,NULL),(862,'AaMjR6r6ax',1,6,4,'2023-09-19 15:08:10',0,NULL),(863,'U9o7pRz0hz',5,5,2,'2023-09-27 07:25:04',0,NULL),(864,'dx7sLPgHoY',2,5,3,'2023-09-19 02:06:12',0,NULL),(865,'B7ivrQeH2p',3,3,2,'2023-09-17 04:08:31',0,NULL),(866,'OL8riKFUnY',4,1,4,'2023-09-24 17:15:24',0,NULL),(867,'YAizV8cBO3',2,5,5,'2023-09-22 11:02:51',0,NULL),(868,'fRQTJngaxN',1,5,4,'2023-09-20 14:37:55',0,NULL),(869,'ZL11qbeqeC',4,2,4,'2023-09-27 09:08:41',0,NULL),(870,'DTK5KDy4FK',1,3,2,'2023-09-12 05:41:22',0,NULL),(871,'ABlYKtgByw',3,2,1,'2023-09-15 07:34:09',0,NULL),(872,'jYn3MICkuY',5,5,4,'2023-09-14 17:25:57',0,NULL),(873,'ROp9GRsEGh',4,1,2,'2023-09-17 09:40:33',0,NULL),(874,'t1TrtOQBl0',5,1,2,'2023-09-11 18:00:59',0,NULL),(875,'R5xKLDJgpG',4,3,2,'2023-09-13 00:35:57',0,NULL),(876,'IMlR11XKhE',1,4,4,'2023-09-18 14:24:55',0,NULL),(877,'PQEodeFyH2',4,5,4,'2023-09-22 02:34:32',0,NULL),(878,'C7BrS0NH9K',4,2,1,'2023-09-11 08:48:08',0,NULL),(879,'cy6zJYd12O',3,5,3,'2023-09-23 08:28:30',0,NULL),(880,'0zFic7zxXx',5,6,3,'2023-09-27 21:36:08',0,NULL),(881,'ZO9cEEqtNj',2,5,5,'2023-09-16 15:45:38',0,NULL),(882,'n08vdyWXOg',3,2,4,'2023-09-20 11:49:57',0,NULL),(883,'ynibEsf4rq',3,6,2,'2023-09-11 04:14:56',0,NULL),(884,'HJ0VFUTPth',5,3,2,'2023-09-15 09:10:14',0,NULL),(885,'Y34VKdrLpx',3,1,1,'2023-09-20 19:07:36',0,NULL),(886,'AfiSUTD6rt',2,3,3,'2023-09-10 15:35:51',0,NULL),(887,'DwcPTXhA9p',3,2,2,'2023-09-23 11:09:20',0,NULL),(888,'ZHjocRzm0W',3,5,2,'2023-09-28 05:55:35',0,NULL),(889,'oRk11S0piq',5,5,5,'2023-09-27 23:12:27',0,NULL),(890,'JQajRXqA6g',1,6,5,'2023-09-19 04:31:00',0,NULL),(891,'r5rBg2kAWU',2,1,2,'2023-09-10 05:03:39',0,NULL),(892,'Okc3A48AUM',5,3,2,'2023-09-27 04:18:04',0,NULL),(893,'dXrCSqqXJg',5,2,2,'2023-09-13 13:51:09',0,NULL),(894,'VfJsz30i4Q',4,2,5,'2023-09-10 06:43:02',0,NULL),(895,'4YrLrwo5te',1,3,1,'2023-09-30 10:59:59',0,NULL),(896,'VYhzTZfYsJ',1,4,4,'2023-09-15 00:49:12',0,NULL),(897,'f6QLhEcDXP',2,4,1,'2023-09-10 06:10:18',0,NULL),(898,'Sl4XpKniIc',1,4,4,'2023-09-19 03:17:10',0,NULL),(899,'6KWPIJEmU3',1,2,2,'2023-09-27 09:51:57',0,NULL),(900,'vNbr1mYo9u',5,2,3,'2023-09-16 00:34:23',0,NULL),(901,'RtxZpL7rse',2,2,1,'2023-09-23 18:35:03',0,NULL),(902,'vmW0t4lrrn',4,2,4,'2023-09-19 09:02:13',0,NULL),(903,'MIICXaK9dK',5,2,2,'2023-09-17 16:16:09',0,NULL),(904,'6eBFkiLKrF',5,4,2,'2023-09-12 15:32:57',0,NULL),(905,'8aGRkBLdUa',4,6,2,'2023-09-22 21:37:26',0,NULL),(906,'yNFBpl8cU1',3,3,2,'2023-09-13 03:41:31',0,NULL),(907,'5yRYiYJnBJ',1,3,4,'2023-09-24 18:05:26',0,NULL),(908,'sRE8KALnDP',4,2,4,'2023-09-24 10:00:07',0,NULL),(909,'anNyJ11dZn',3,4,1,'2023-09-19 03:40:39',0,NULL),(910,'o62R9za9ZG',4,4,4,'2023-09-21 18:34:24',0,NULL),(911,'taCW5XuwiS',2,4,3,'2023-09-11 13:15:02',0,NULL),(912,'zQrRxJgaLO',1,2,2,'2023-09-30 14:26:55',0,NULL),(913,'azR31Fe5hK',4,6,2,'2023-09-20 02:18:46',0,NULL),(914,'tN8fH9eDF5',4,3,2,'2023-09-27 21:26:57',0,NULL),(915,'ZUifgsXayv',1,5,3,'2023-09-23 22:00:09',0,NULL),(916,'1FmayPgrU8',5,2,2,'2023-09-14 09:05:55',0,NULL),(917,'5SY1U8uux1',4,5,1,'2023-09-22 13:11:27',0,NULL),(918,'uVUDnIy6zC',2,3,2,'2023-09-28 14:51:08',0,NULL),(919,'m7qeT4Wwb2',3,5,4,'2023-09-26 15:48:59',0,NULL),(920,'Z5QDCkJsOD',4,2,3,'2023-09-19 01:47:24',0,NULL),(921,'JZxzVRpErw',4,2,4,'2023-09-14 11:14:54',0,NULL),(922,'QNCqkKznAb',4,2,1,'2023-09-17 23:12:53',0,NULL),(923,'IKE0kLk54l',4,5,2,'2023-09-28 00:15:55',0,NULL),(924,'EZ1Yz4S2iF',3,1,1,'2023-09-12 11:31:42',0,NULL),(925,'RH60L95QWK',2,4,4,'2023-09-14 22:26:45',0,NULL),(926,'UizH7a76WG',2,5,4,'2023-09-30 10:20:13',0,NULL),(927,'pTT5ZpgnIu',1,2,2,'2023-09-12 22:47:04',0,NULL),(928,'kEjgPByFSC',5,3,4,'2023-09-10 14:29:56',0,NULL),(929,'R3KHKE9B52',4,3,5,'2023-09-14 20:47:04',0,NULL),(930,'HoqtuxlMeh',4,3,2,'2023-09-24 17:57:40',0,NULL),(931,'VTgc6IXL13',2,2,4,'2023-09-22 18:32:12',0,NULL),(932,'qZbCi3eKbY',3,3,4,'2023-09-21 04:23:03',0,NULL),(933,'K6RuJcxrwZ',4,6,5,'2023-09-29 12:39:35',0,NULL),(934,'2xHcdh0x2p',2,5,3,'2023-09-12 02:02:31',0,NULL),(935,'fzNKoRArr7',4,2,2,'2023-09-27 08:42:44',0,NULL),(936,'nvwE1w3fGj',2,4,5,'2023-09-18 11:02:46',0,NULL),(937,'mwMxaOo9bv',3,4,3,'2023-09-15 17:44:23',0,NULL),(938,'JTM2LyvKEa',3,5,4,'2023-09-11 15:03:58',0,NULL),(939,'20fUkaOVyI',2,5,2,'2023-09-18 13:42:14',0,NULL),(940,'Wfjy1K484o',3,5,4,'2023-09-17 01:20:21',0,NULL),(941,'cKkKKujgBP',5,6,2,'2023-09-13 06:56:45',0,NULL),(942,'0UCdklhYSb',4,4,1,'2023-09-27 06:17:27',0,NULL),(943,'fBuumPp9ds',2,2,5,'2023-09-19 05:23:35',0,NULL),(944,'y7Al4MOmLn',4,5,3,'2023-09-19 19:14:57',0,NULL),(945,'G1YCiTCvgN',1,4,1,'2023-09-30 20:55:44',0,NULL),(946,'Y507ww3M1A',5,2,2,'2023-09-27 13:19:50',0,NULL),(947,'sWeC1PHfWw',3,4,4,'2023-09-17 20:03:56',0,NULL),(948,'NVXcOkLKmR',3,4,4,'2023-09-11 16:16:39',0,NULL),(949,'hTLjkOlfQQ',1,2,3,'2023-09-24 10:19:26',0,NULL),(950,'xp97WSAi8s',2,4,1,'2023-09-12 09:53:25',0,NULL),(951,'JQRbTHK5UB',2,3,2,'2023-09-25 05:24:46',0,NULL),(952,'jaCI73tisc',4,4,4,'2023-09-13 13:50:05',0,NULL),(953,'XOM2UddjER',2,2,5,'2023-09-19 20:23:22',0,NULL),(954,'YP15EgV0pn',4,2,3,'2023-09-16 12:53:49',0,NULL),(955,'uHwWNK6pTK',3,4,1,'2023-09-17 18:57:11',0,NULL),(956,'KBnTALaCeG',1,2,2,'2023-09-22 06:02:32',0,NULL),(957,'vnYg9DSSbG',4,2,3,'2023-09-22 18:04:24',0,NULL),(958,'uoKDkROpJN',2,6,4,'2023-09-28 10:55:18',0,NULL),(959,'ZoYGUHYxAd',3,4,4,'2023-09-28 13:44:04',0,NULL),(960,'IfNgvC3b4Z',3,3,4,'2023-09-27 23:18:16',0,NULL),(961,'KHw0SVQ5nd',1,6,4,'2023-09-27 07:28:15',0,NULL),(962,'iO3NtfPEix',3,6,1,'2023-09-26 06:27:28',0,NULL),(963,'DqzByP6UVx',3,4,2,'2023-09-17 23:16:58',0,NULL),(964,'fSSHbNkPSA',2,1,4,'2023-09-12 14:03:50',0,NULL),(965,'OfhDMrE3df',3,5,4,'2023-09-25 13:57:23',0,NULL),(966,'tF2UMXyVil',4,4,3,'2023-09-19 20:24:20',0,NULL),(967,'l8tECpAIXT',2,2,3,'2023-09-11 13:05:16',0,NULL),(968,'FtmA2YdN6R',4,5,4,'2023-09-29 04:55:35',0,NULL),(969,'0Q0Pya2zqc',4,1,2,'2023-09-25 17:04:26',0,NULL),(970,'aN7qD8wHLf',2,2,2,'2023-09-14 10:21:04',0,NULL),(971,'86v4JJVIOG',5,4,3,'2023-09-15 06:11:27',0,NULL),(972,'bzINMGWnpD',3,5,5,'2023-09-24 22:03:26',0,NULL),(973,'uauSNpaVSX',3,2,4,'2023-09-20 19:15:20',0,NULL),(974,'0UWiW7RWpS',3,5,4,'2023-09-18 15:29:54',0,NULL),(975,'dvfRJETpKF',5,2,3,'2023-09-17 03:38:51',0,NULL),(976,'z1jsyheUHG',5,2,5,'2023-09-21 01:21:30',0,NULL),(977,'eP25tzHTi2',4,1,3,'2023-09-16 19:10:30',0,NULL),(978,'mGRhEv9mLw',3,2,2,'2023-09-27 07:36:21',0,NULL),(979,'1t5QHTVHvI',3,4,4,'2023-09-27 01:05:24',0,NULL),(980,'RC6QmcL5YN',1,1,3,'2023-09-18 03:35:11',0,NULL),(981,'9rErlvAoAQ',3,5,4,'2023-09-21 21:16:37',0,NULL),(982,'bJ6VpHsVR9',1,3,4,'2023-09-30 20:52:51',0,NULL),(983,'q1B3qyCqoU',4,3,1,'2023-09-15 15:13:02',0,NULL),(984,'CJYNGDIuOr',4,4,5,'2023-09-20 15:47:52',0,NULL),(985,'SPG6Z9TdmI',2,3,4,'2023-09-16 02:50:47',0,NULL),(986,'ySLcgQUoIU',5,3,5,'2023-09-22 15:00:59',0,NULL),(987,'fRCtrvxccL',5,4,5,'2023-09-28 11:08:50',0,NULL),(988,'lGwEisFmLh',4,5,3,'2023-09-28 03:44:24',0,NULL),(989,'sRo7c1tzv3',4,5,4,'2023-09-12 11:33:44',0,NULL),(990,'eMl3zUcuNv',3,1,4,'2023-09-13 03:17:51',0,NULL),(991,'q5Xw7ZbAdp',4,1,3,'2023-09-21 07:52:45',0,NULL),(992,'CtCX2HvpMp',4,2,2,'2023-09-24 20:06:11',0,NULL),(993,'T2OFuFvHzm',1,5,3,'2023-09-23 02:13:42',0,NULL),(994,'BEAv6d1YdB',5,4,3,'2023-09-23 16:27:21',0,NULL),(995,'OJApDk1ffg',2,5,4,'2023-09-19 01:31:26',0,NULL),(996,'05ZpodyUa4',3,6,5,'2023-09-21 17:43:17',0,NULL),(997,'KKwwQYZtwM',3,6,5,'2023-09-19 00:45:42',0,NULL),(998,'trJtu4etre',2,5,1,'2023-09-25 21:10:44',0,NULL),(999,'Z608UgTrng',2,5,1,'2023-09-19 11:56:47',0,NULL),(1000,'TJAgsHqZdP',5,3,4,'2023-09-29 02:47:08',0,NULL),(1001,'',1,3,1,'2023-09-20 18:50:41',0,NULL);
/*!40000 ALTER TABLE `alarm_info` ENABLE KEYS */;
UNLOCK TABLES;

--
-- Table structure for table `case_type_info`
--

DROP TABLE IF EXISTS `case_type_info`;
/*!40101 SET @saved_cs_client     = @@character_set_client */;
/*!50503 SET character_set_client = utf8mb4 */;
CREATE TABLE `case_type_info` (
  `id` int NOT NULL AUTO_INCREMENT,
  `case_type` varchar(255) CHARACTER SET utf8mb4 COLLATE utf8mb4_0900_ai_ci NOT NULL,
  PRIMARY KEY (`id`)
) ENGINE=InnoDB AUTO_INCREMENT=7 DEFAULT CHARSET=utf8mb4 COLLATE=utf8mb4_0900_ai_ci;
/*!40101 SET character_set_client = @saved_cs_client */;

--
-- Dumping data for table `case_type_info`
--

LOCK TABLES `case_type_info` WRITE;
/*!40000 ALTER TABLE `case_type_info` DISABLE KEYS */;
INSERT INTO `case_type_info` VALUES (1,''),(2,''),(3,''),(4,''),(5,''),(6,'');
/*!40000 ALTER TABLE `case_type_info` ENABLE KEYS */;
UNLOCK TABLES;

--
-- Table structure for table `monitor`
--

DROP TABLE IF EXISTS `monitor`;
/*!40101 SET @saved_cs_client     = @@character_set_client */;
/*!50503 SET character_set_client = utf8mb4 */;
CREATE TABLE `monitor` (
  `id` int NOT NULL AUTO_INCREMENT,
  `name` varchar(20) NOT NULL,
  `area` varchar(20) DEFAULT NULL,
  `latitude` float NOT NULL,
  `longitude` float NOT NULL,
  `danger_area` int NOT NULL,
  `fall` int DEFAULT NULL,
  `stayed_too_long` int DEFAULT NULL,
  `flame` int DEFAULT NULL,
  `smoke` int DEFAULT NULL,
  PRIMARY KEY (`id`)
) ENGINE=InnoDB AUTO_INCREMENT=6 DEFAULT CHARSET=utf8mb4 COLLATE=utf8mb4_0900_ai_ci;
/*!40101 SET character_set_client = @saved_cs_client */;

--
-- Dumping data for table `monitor`
--

LOCK TABLES `monitor` WRITE;
/*!40000 ALTER TABLE `monitor` DISABLE KEYS */;
INSERT INTO `monitor` VALUES (1,'1','1',1,1,1,1,1,1,1),(2,'','',1,1,1,1,1,1,1),(3,'','',1,1,1,1,1,1,1),(4,'','',1,1,1,1,1,1,1),(5,'115','115',1,1,1,1,1,1,1);
/*!40000 ALTER TABLE `monitor` ENABLE KEYS */;
UNLOCK TABLES;

--
-- Table structure for table `user_info`
--

DROP TABLE IF EXISTS `user_info`;
/*!40101 SET @saved_cs_client     = @@character_set_client */;
/*!50503 SET character_set_client = utf8mb4 */;
CREATE TABLE `user_info` (
  `id` int NOT NULL AUTO_INCREMENT,
  `user_name` varchar(255) NOT NULL,
  `password` varchar(255) NOT NULL,
  `role` int NOT NULL,
  PRIMARY KEY (`id`)
) ENGINE=InnoDB AUTO_INCREMENT=5 DEFAULT CHARSET=utf8mb4 COLLATE=utf8mb4_0900_ai_ci;
/*!40101 SET character_set_client = @saved_cs_client */;

--
-- Dumping data for table `user_info`
--

LOCK TABLES `user_info` WRITE;
/*!40000 ALTER TABLE `user_info` DISABLE KEYS */;
INSERT INTO `user_info` VALUES (1,'root','42f641872ae4070ed059696b1df93394',0),(2,'czczcz','221018ec8f51f30516412faa078583f3',0),(3,'czczcz','221018ec8f51f30516412faa078583f3',0),(4,'test','42f641872ae4070ed059696b1df93394',0);
/*!40000 ALTER TABLE `user_info` ENABLE KEYS */;
UNLOCK TABLES;
/*!40103 SET TIME_ZONE=@OLD_TIME_ZONE */;

/*!40101 SET SQL_MODE=@OLD_SQL_MODE */;
/*!40014 SET FOREIGN_KEY_CHECKS=@OLD_FOREIGN_KEY_CHECKS */;
/*!40014 SET UNIQUE_CHECKS=@OLD_UNIQUE_CHECKS */;
/*!40101 SET CHARACTER_SET_CLIENT=@OLD_CHARACTER_SET_CLIENT */;
/*!40101 SET CHARACTER_SET_RESULTS=@OLD_CHARACTER_SET_RESULTS */;
/*!40101 SET COLLATION_CONNECTION=@OLD_COLLATION_CONNECTION */;
/*!40111 SET SQL_NOTES=@OLD_SQL_NOTES */;

-- Dump completed on 2024-04-03 11:22:23
